IDProduct;PakistanID;IndiaID;ChinaID;USAID;DubaiID
APP-PRD-0001;PAK-APP-PRD-0001;IND-APP-PRD-0001;CHN-APP-PRD-0001;USA-APP-PRD-0001;UAE-APP-PRD-0001
APP-PRD-0002;PAK-APP-PRD-0002;IND-APP-PRD-0002;CHN-APP-PRD-0002;USA-APP-PRD-0002;UAE-APP-PRD-0002
APP-PRD-0003;PAK-APP-PRD-0003;IND-APP-PRD-0003;CHN-APP-PRD-0003;USA-APP-PRD-0003;UAE-APP-PRD-0003
APP-PRD-0004;PAK-APP-PRD-0004;IND-APP-PRD-0004;CHN-APP-PRD-0004;USA-APP-PRD-0004;UAE-APP-PRD-0004
APP-PRD-0005;PAK-APP-PRD-0005;IND-APP-PRD-0005;CHN-APP-PRD-0005;USA-APP-PRD-0005;UAE-APP-PRD-0005
APP-PRD-0006;PAK-APP-PRD-0006;IND-APP-PRD-0006;CHN-APP-PRD-0006;USA-APP-PRD-0006;UAE-APP-PRD-0006
APP-PRD-0007;PAK-APP-PRD-0007;IND-APP-PRD-0007;CHN-APP-PRD-0007;USA-APP-PRD-0007;UAE-APP-PRD-0007
APP-PRD-0008;PAK-APP-PRD-0008;IND-APP-PRD-0008;CHN-APP-PRD-0008;USA-APP-PRD-0008;UAE-APP-PRD-0008
APP-PRD-0009;PAK-APP-PRD-0009;IND-APP-PRD-0009;CHN-APP-PRD-0009;USA-APP-PRD-0009;UAE-APP-PRD-0009
APP-PRD-0010;PAK-APP-PRD-0010;IND-APP-PRD-0010;CHN-APP-PRD-0010;USA-APP-PRD-0010;UAE-APP-PRD-0010
APP-PRD-0011;PAK-APP-PRD-0011;IND-APP-PRD-0011;CHN-APP-PRD-0011;USA-APP-PRD-0011;UAE-APP-PRD-0011
APP-PRD-0012;PAK-APP-PRD-0012;IND-APP-PRD-0012;CHN-APP-PRD-0012;USA-APP-PRD-0012;UAE-APP-PRD-0012
APP-PRD-0013;PAK-APP-PRD-0013;IND-APP-PRD-0013;CHN-APP-PRD-0013;USA-APP-PRD-0013;UAE-APP-PRD-0013
APP-PRD-0014;PAK-APP-PRD-0014;IND-APP-PRD-0014;CHN-APP-PRD-0014;USA-APP-PRD-0014;UAE-APP-PRD-0014
APP-PRD-0015;PAK-APP-PRD-0015;IND-APP-PRD-0015;CHN-APP-PRD-0015;USA-APP-PRD-0015;UAE-APP-PRD-0015
APP-PRD-0016;PAK-APP-PRD-0016;IND-APP-PRD-0016;CHN-APP-PRD-0016;USA-APP-PRD-0016;UAE-APP-PRD-0016
APP-PRD-0017;PAK-APP-PRD-0017;IND-APP-PRD-0017;CHN-APP-PRD-0017;USA-APP-PRD-0017;UAE-APP-PRD-0017
APP-PRD-0018;PAK-APP-PRD-0018;IND-APP-PRD-0018;CHN-APP-PRD-0018;USA-APP-PRD-0018;UAE-APP-PRD-0018
APP-PRD-0019;PAK-APP-PRD-0019;IND-APP-PRD-0019;CHN-APP-PRD-0019;USA-APP-PRD-0019;UAE-APP-PRD-0019
APP-PRD-0020;PAK-APP-PRD-0020;IND-APP-PRD-0020;CHN-APP-PRD-0020;USA-APP-PRD-0020;UAE-APP-PRD-0020
APP-PRD-0021;PAK-APP-PRD-0021;IND-APP-PRD-0021;CHN-APP-PRD-0021;USA-APP-PRD-0021;UAE-APP-PRD-0021
APP-PRD-0022;PAK-APP-PRD-0022;IND-APP-PRD-0022;CHN-APP-PRD-0022;USA-APP-PRD-0022;UAE-APP-PRD-0022
APP-PRD-0023;PAK-APP-PRD-0023;IND-APP-PRD-0023;CHN-APP-PRD-0023;USA-APP-PRD-0023;UAE-APP-PRD-0023
APP-PRD-0024;PAK-APP-PRD-0024;IND-APP-PRD-0024;CHN-APP-PRD-0024;USA-APP-PRD-0024;UAE-APP-PRD-0024
APP-PRD-0025;PAK-APP-PRD-0025;IND-APP-PRD-0025;CHN-APP-PRD-0025;USA-APP-PRD-0025;UAE-APP-PRD-0025
APP-PRD-0026;PAK-APP-PRD-0026;IND-APP-PRD-0026;CHN-APP-PRD-0026;USA-APP-PRD-0026;UAE-APP-PRD-0026
APP-PRD-0027;PAK-APP-PRD-0027;IND-APP-PRD-0027;CHN-APP-PRD-0027;USA-APP-PRD-0027;UAE-APP-PRD-0027
APP-PRD-0028;PAK-APP-PRD-0028;IND-APP-PRD-0028;CHN-APP-PRD-0028;USA-APP-PRD-0028;UAE-APP-PRD-0028
APP-PRD-0029;PAK-APP-PRD-0029;IND-APP-PRD-0029;CHN-APP-PRD-0029;USA-APP-PRD-0029;UAE-APP-PRD-0029
APP-PRD-0030;PAK-APP-PRD-0030;IND-APP-PRD-0030;CHN-APP-PRD-0030;USA-APP-PRD-0030;UAE-APP-PRD-0030
APP-PRD-0031;PAK-APP-PRD-0031;IND-APP-PRD-0031;CHN-APP-PRD-0031;USA-APP-PRD-0031;UAE-APP-PRD-0031
APP-PRD-0032;PAK-APP-PRD-0032;IND-APP-PRD-0032;CHN-APP-PRD-0032;USA-APP-PRD-0032;UAE-APP-PRD-0032
APP-PRD-0033;PAK-APP-PRD-0033;IND-APP-PRD-0033;CHN-APP-PRD-0033;USA-APP-PRD-0033;UAE-APP-PRD-0033
APP-PRD-0034;PAK-APP-PRD-0034;IND-APP-PRD-0034;CHN-APP-PRD-0034;USA-APP-PRD-0034;UAE-APP-PRD-0034
APP-PRD-0035;PAK-APP-PRD-0035;IND-APP-PRD-0035;CHN-APP-PRD-0035;USA-APP-PRD-0035;UAE-APP-PRD-0035
APP-PRD-0036;PAK-APP-PRD-0036;IND-APP-PRD-0036;CHN-APP-PRD-0036;USA-APP-PRD-0036;UAE-APP-PRD-0036
APP-PRD-0037;PAK-APP-PRD-0037;IND-APP-PRD-0037;CHN-APP-PRD-0037;USA-APP-PRD-0037;UAE-APP-PRD-0037
APP-PRD-0038;PAK-APP-PRD-0038;IND-APP-PRD-0038;CHN-APP-PRD-0038;USA-APP-PRD-0038;UAE-APP-PRD-0038
APP-PRD-0039;PAK-APP-PRD-0039;IND-APP-PRD-0039;CHN-APP-PRD-0039;USA-APP-PRD-0039;UAE-APP-PRD-0039
APP-PRD-0040;PAK-APP-PRD-0040;IND-APP-PRD-0040;CHN-APP-PRD-0040;USA-APP-PRD-0040;UAE-APP-PRD-0040
APP-PRD-0041;PAK-APP-PRD-0041;IND-APP-PRD-0041;CHN-APP-PRD-0041;USA-APP-PRD-0041;UAE-APP-PRD-0041
APP-PRD-0042;PAK-APP-PRD-0042;IND-APP-PRD-0042;CHN-APP-PRD-0042;USA-APP-PRD-0042;UAE-APP-PRD-0042
APP-PRD-0043;PAK-APP-PRD-0043;IND-APP-PRD-0043;CHN-APP-PRD-0043;USA-APP-PRD-0043;UAE-APP-PRD-0043
APP-PRD-0044;PAK-APP-PRD-0044;IND-APP-PRD-0044;CHN-APP-PRD-0044;USA-APP-PRD-0044;UAE-APP-PRD-0044
APP-PRD-0045;PAK-APP-PRD-0045;IND-APP-PRD-0045;CHN-APP-PRD-0045;USA-APP-PRD-0045;UAE-APP-PRD-0045
APP-PRD-0046;PAK-APP-PRD-0046;IND-APP-PRD-0046;CHN-APP-PRD-0046;USA-APP-PRD-0046;UAE-APP-PRD-0046
APP-PRD-0047;PAK-APP-PRD-0047;IND-APP-PRD-0047;CHN-APP-PRD-0047;USA-APP-PRD-0047;UAE-APP-PRD-0047
APP-PRD-0048;PAK-APP-PRD-0048;IND-APP-PRD-0048;CHN-APP-PRD-0048;USA-APP-PRD-0048;UAE-APP-PRD-0048
APP-PRD-0049;PAK-APP-PRD-0049;IND-APP-PRD-0049;CHN-APP-PRD-0049;USA-APP-PRD-0049;UAE-APP-PRD-0049
APP-PRD-0050;PAK-APP-PRD-0050;IND-APP-PRD-0050;CHN-APP-PRD-0050;USA-APP-PRD-0050;UAE-APP-PRD-0050
APP-PRD-0051;PAK-APP-PRD-0051;IND-APP-PRD-0051;CHN-APP-PRD-0051;USA-APP-PRD-0051;UAE-APP-PRD-0051
APP-PRD-0052;PAK-APP-PRD-0052;IND-APP-PRD-0052;CHN-APP-PRD-0052;USA-APP-PRD-0052;UAE-APP-PRD-0052
APP-PRD-0053;PAK-APP-PRD-0053;IND-APP-PRD-0053;CHN-APP-PRD-0053;USA-APP-PRD-0053;UAE-APP-PRD-0053
APP-PRD-0054;PAK-APP-PRD-0054;IND-APP-PRD-0054;CHN-APP-PRD-0054;USA-APP-PRD-0054;UAE-APP-PRD-0054
APP-PRD-0055;PAK-APP-PRD-0055;IND-APP-PRD-0055;CHN-APP-PRD-0055;USA-APP-PRD-0055;UAE-APP-PRD-0055
APP-PRD-0056;PAK-APP-PRD-0056;IND-APP-PRD-0056;CHN-APP-PRD-0056;USA-APP-PRD-0056;UAE-APP-PRD-0056
APP-PRD-0057;PAK-APP-PRD-0057;IND-APP-PRD-0057;CHN-APP-PRD-0057;USA-APP-PRD-0057;UAE-APP-PRD-0057
APP-PRD-0058;PAK-APP-PRD-0058;IND-APP-PRD-0058;CHN-APP-PRD-0058;USA-APP-PRD-0058;UAE-APP-PRD-0058
APP-PRD-0059;PAK-APP-PRD-0059;IND-APP-PRD-0059;CHN-APP-PRD-0059;USA-APP-PRD-0059;UAE-APP-PRD-0059
APP-PRD-0060;PAK-APP-PRD-0060;IND-APP-PRD-0060;CHN-APP-PRD-0060;USA-APP-PRD-0060;UAE-APP-PRD-0060
APP-PRD-0061;PAK-APP-PRD-0061;IND-APP-PRD-0061;CHN-APP-PRD-0061;USA-APP-PRD-0061;UAE-APP-PRD-0061
APP-PRD-0062;PAK-APP-PRD-0062;IND-APP-PRD-0062;CHN-APP-PRD-0062;USA-APP-PRD-0062;UAE-APP-PRD-0062
APP-PRD-0063;PAK-APP-PRD-0063;IND-APP-PRD-0063;CHN-APP-PRD-0063;USA-APP-PRD-0063;UAE-APP-PRD-0063
APP-PRD-0064;PAK-APP-PRD-0064;IND-APP-PRD-0064;CHN-APP-PRD-0064;USA-APP-PRD-0064;UAE-APP-PRD-0064
APP-PRD-0065;PAK-APP-PRD-0065;IND-APP-PRD-0065;CHN-APP-PRD-0065;USA-APP-PRD-0065;UAE-APP-PRD-0065
APP-PRD-0066;PAK-APP-PRD-0066;IND-APP-PRD-0066;CHN-APP-PRD-0066;USA-APP-PRD-0066;UAE-APP-PRD-0066
APP-PRD-0067;PAK-APP-PRD-0067;IND-APP-PRD-0067;CHN-APP-PRD-0067;USA-APP-PRD-0067;UAE-APP-PRD-0067
APP-PRD-0068;PAK-APP-PRD-0068;IND-APP-PRD-0068;CHN-APP-PRD-0068;USA-APP-PRD-0068;UAE-APP-PRD-0068
APP-PRD-0069;PAK-APP-PRD-0069;IND-APP-PRD-0069;CHN-APP-PRD-0069;USA-APP-PRD-0069;UAE-APP-PRD-0069
APP-PRD-0070;PAK-APP-PRD-0070;IND-APP-PRD-0070;CHN-APP-PRD-0070;USA-APP-PRD-0070;UAE-APP-PRD-0070
APP-PRD-0071;PAK-APP-PRD-0071;IND-APP-PRD-0071;CHN-APP-PRD-0071;USA-APP-PRD-0071;UAE-APP-PRD-0071
APP-PRD-0072;PAK-APP-PRD-0072;IND-APP-PRD-0072;CHN-APP-PRD-0072;USA-APP-PRD-0072;UAE-APP-PRD-0072
APP-PRD-0073;PAK-APP-PRD-0073;IND-APP-PRD-0073;CHN-APP-PRD-0073;USA-APP-PRD-0073;UAE-APP-PRD-0073
APP-PRD-0074;PAK-APP-PRD-0074;IND-APP-PRD-0074;CHN-APP-PRD-0074;USA-APP-PRD-0074;UAE-APP-PRD-0074
APP-PRD-0075;PAK-APP-PRD-0075;IND-APP-PRD-0075;CHN-APP-PRD-0075;USA-APP-PRD-0075;UAE-APP-PRD-0075
APP-PRD-0076;PAK-APP-PRD-0076;IND-APP-PRD-0076;CHN-APP-PRD-0076;USA-APP-PRD-0076;UAE-APP-PRD-0076
APP-PRD-0077;PAK-APP-PRD-0077;IND-APP-PRD-0077;CHN-APP-PRD-0077;USA-APP-PRD-0077;UAE-APP-PRD-0077
APP-PRD-0078;PAK-APP-PRD-0078;IND-APP-PRD-0078;CHN-APP-PRD-0078;USA-APP-PRD-0078;UAE-APP-PRD-0078
APP-PRD-0079;PAK-APP-PRD-0079;IND-APP-PRD-0079;CHN-APP-PRD-0079;USA-APP-PRD-0079;UAE-APP-PRD-0079
APP-PRD-0080;PAK-APP-PRD-0080;IND-APP-PRD-0080;CHN-APP-PRD-0080;USA-APP-PRD-0080;UAE-APP-PRD-0080
APP-PRD-0081;PAK-APP-PRD-0081;IND-APP-PRD-0081;CHN-APP-PRD-0081;USA-APP-PRD-0081;UAE-APP-PRD-0081
APP-PRD-0082;PAK-APP-PRD-0082;IND-APP-PRD-0082;CHN-APP-PRD-0082;USA-APP-PRD-0082;UAE-APP-PRD-0082
APP-PRD-0083;PAK-APP-PRD-0083;IND-APP-PRD-0083;CHN-APP-PRD-0083;USA-APP-PRD-0083;UAE-APP-PRD-0083
APP-PRD-0084;PAK-APP-PRD-0084;IND-APP-PRD-0084;CHN-APP-PRD-0084;USA-APP-PRD-0084;UAE-APP-PRD-0084
APP-PRD-0085;PAK-APP-PRD-0085;IND-APP-PRD-0085;CHN-APP-PRD-0085;USA-APP-PRD-0085;UAE-APP-PRD-0085
APP-PRD-0086;PAK-APP-PRD-0086;IND-APP-PRD-0086;CHN-APP-PRD-0086;USA-APP-PRD-0086;UAE-APP-PRD-0086
APP-PRD-0087;PAK-APP-PRD-0087;IND-APP-PRD-0087;CHN-APP-PRD-0087;USA-APP-PRD-0087;UAE-APP-PRD-0087
APP-PRD-0088;PAK-APP-PRD-0088;IND-APP-PRD-0088;CHN-APP-PRD-0088;USA-APP-PRD-0088;UAE-APP-PRD-0088
APP-PRD-0089;PAK-APP-PRD-0089;IND-APP-PRD-0089;CHN-APP-PRD-0089;USA-APP-PRD-0089;UAE-APP-PRD-0089
APP-PRD-0090;PAK-APP-PRD-0090;IND-APP-PRD-0090;CHN-APP-PRD-0090;USA-APP-PRD-0090;UAE-APP-PRD-0090
APP-PRD-0091;PAK-APP-PRD-0091;IND-APP-PRD-0091;CHN-APP-PRD-0091;USA-APP-PRD-0091;UAE-APP-PRD-0091
APP-PRD-0092;PAK-APP-PRD-0092;IND-APP-PRD-0092;CHN-APP-PRD-0092;USA-APP-PRD-0092;UAE-APP-PRD-0092
APP-PRD-0093;PAK-APP-PRD-0093;IND-APP-PRD-0093;CHN-APP-PRD-0093;USA-APP-PRD-0093;UAE-APP-PRD-0093
APP-PRD-0094;PAK-APP-PRD-0094;IND-APP-PRD-0094;CHN-APP-PRD-0094;USA-APP-PRD-0094;UAE-APP-PRD-0094
APP-PRD-0095;PAK-APP-PRD-0095;IND-APP-PRD-0095;CHN-APP-PRD-0095;USA-APP-PRD-0095;UAE-APP-PRD-0095
APP-PRD-0096;PAK-APP-PRD-0096;IND-APP-PRD-0096;CHN-APP-PRD-0096;USA-APP-PRD-0096;UAE-APP-PRD-0096
APP-PRD-0097;PAK-APP-PRD-0097;IND-APP-PRD-0097;CHN-APP-PRD-0097;USA-APP-PRD-0097;UAE-APP-PRD-0097
GOO-PRD-0001;PAK-GOO-PRD-0001;IND-GOO-PRD-0001;CHN-GOO-PRD-0001;USA-GOO-PRD-0001;UAE-GOO-PRD-0001
GOO-PRD-0002;PAK-GOO-PRD-0002;IND-GOO-PRD-0002;CHN-GOO-PRD-0002;USA-GOO-PRD-0002;UAE-GOO-PRD-0002
GOO-PRD-0003;PAK-GOO-PRD-0003;IND-GOO-PRD-0003;CHN-GOO-PRD-0003;USA-GOO-PRD-0003;UAE-GOO-PRD-0003
GOO-PRD-0004;PAK-GOO-PRD-0004;IND-GOO-PRD-0004;CHN-GOO-PRD-0004;USA-GOO-PRD-0004;UAE-GOO-PRD-0004
GOO-PRD-0005;PAK-GOO-PRD-0005;IND-GOO-PRD-0005;CHN-GOO-PRD-0005;USA-GOO-PRD-0005;UAE-GOO-PRD-0005
GOO-PRD-0006;PAK-GOO-PRD-0006;IND-GOO-PRD-0006;CHN-GOO-PRD-0006;USA-GOO-PRD-0006;UAE-GOO-PRD-0006
GOO-PRD-0007;PAK-GOO-PRD-0007;IND-GOO-PRD-0007;CHN-GOO-PRD-0007;USA-GOO-PRD-0007;UAE-GOO-PRD-0007
GOO-PRD-0008;PAK-GOO-PRD-0008;IND-GOO-PRD-0008;CHN-GOO-PRD-0008;USA-GOO-PRD-0008;UAE-GOO-PRD-0008
GOO-PRD-0009;PAK-GOO-PRD-0009;IND-GOO-PRD-0009;CHN-GOO-PRD-0009;USA-GOO-PRD-0009;UAE-GOO-PRD-0009
GOO-PRD-0010;PAK-GOO-PRD-0010;IND-GOO-PRD-0010;CHN-GOO-PRD-0010;USA-GOO-PRD-0010;UAE-GOO-PRD-0010
GOO-PRD-0011;PAK-GOO-PRD-0011;IND-GOO-PRD-0011;CHN-GOO-PRD-0011;USA-GOO-PRD-0011;UAE-GOO-PRD-0011
GOO-PRD-0012;PAK-GOO-PRD-0012;IND-GOO-PRD-0012;CHN-GOO-PRD-0012;USA-GOO-PRD-0012;UAE-GOO-PRD-0012
GOO-PRD-0013;PAK-GOO-PRD-0013;IND-GOO-PRD-0013;CHN-GOO-PRD-0013;USA-GOO-PRD-0013;UAE-GOO-PRD-0013
GOO-PRD-0014;PAK-GOO-PRD-0014;IND-GOO-PRD-0014;CHN-GOO-PRD-0014;USA-GOO-PRD-0014;UAE-GOO-PRD-0014
GOO-PRD-0015;PAK-GOO-PRD-0015;IND-GOO-PRD-0015;CHN-GOO-PRD-0015;USA-GOO-PRD-0015;UAE-GOO-PRD-0015
GOO-PRD-0016;PAK-GOO-PRD-0016;IND-GOO-PRD-0016;CHN-GOO-PRD-0016;USA-GOO-PRD-0016;UAE-GOO-PRD-0016
GOO-PRD-0017;PAK-GOO-PRD-0017;IND-GOO-PRD-0017;CHN-GOO-PRD-0017;USA-GOO-PRD-0017;UAE-GOO-PRD-0017
GOO-PRD-0018;PAK-GOO-PRD-0018;IND-GOO-PRD-0018;CHN-GOO-PRD-0018;USA-GOO-PRD-0018;UAE-GOO-PRD-0018
GOO-PRD-0019;PAK-GOO-PRD-0019;IND-GOO-PRD-0019;CHN-GOO-PRD-0019;USA-GOO-PRD-0019;UAE-GOO-PRD-0019
GOO-PRD-0020;PAK-GOO-PRD-0020;IND-GOO-PRD-0020;CHN-GOO-PRD-0020;USA-GOO-PRD-0020;UAE-GOO-PRD-0020
GOO-PRD-0021;PAK-GOO-PRD-0021;IND-GOO-PRD-0021;CHN-GOO-PRD-0021;USA-GOO-PRD-0021;UAE-GOO-PRD-0021
HON-PRD-0001;PAK-HON-PRD-0001;IND-HON-PRD-0001;CHN-HON-PRD-0001;USA-HON-PRD-0001;UAE-HON-PRD-0001
HON-PRD-0002;PAK-HON-PRD-0002;IND-HON-PRD-0002;CHN-HON-PRD-0002;USA-HON-PRD-0002;UAE-HON-PRD-0002
HON-PRD-0003;PAK-HON-PRD-0003;IND-HON-PRD-0003;CHN-HON-PRD-0003;USA-HON-PRD-0003;UAE-HON-PRD-0003
HON-PRD-0004;PAK-HON-PRD-0004;IND-HON-PRD-0004;CHN-HON-PRD-0004;USA-HON-PRD-0004;UAE-HON-PRD-0004
HON-PRD-0005;PAK-HON-PRD-0005;IND-HON-PRD-0005;CHN-HON-PRD-0005;USA-HON-PRD-0005;UAE-HON-PRD-0005
HON-PRD-0006;PAK-HON-PRD-0006;IND-HON-PRD-0006;CHN-HON-PRD-0006;USA-HON-PRD-0006;UAE-HON-PRD-0006
HON-PRD-0007;PAK-HON-PRD-0007;IND-HON-PRD-0007;CHN-HON-PRD-0007;USA-HON-PRD-0007;UAE-HON-PRD-0007
HON-PRD-0008;PAK-HON-PRD-0008;IND-HON-PRD-0008;CHN-HON-PRD-0008;USA-HON-PRD-0008;UAE-HON-PRD-0008
HON-PRD-0009;PAK-HON-PRD-0009;IND-HON-PRD-0009;CHN-HON-PRD-0009;USA-HON-PRD-0009;UAE-HON-PRD-0009
HON-PRD-0010;PAK-HON-PRD-0010;IND-HON-PRD-0010;CHN-HON-PRD-0010;USA-HON-PRD-0010;UAE-HON-PRD-0010
HON-PRD-0011;PAK-HON-PRD-0011;IND-HON-PRD-0011;CHN-HON-PRD-0011;USA-HON-PRD-0011;UAE-HON-PRD-0011
HON-PRD-0012;PAK-HON-PRD-0012;IND-HON-PRD-0012;CHN-HON-PRD-0012;USA-HON-PRD-0012;UAE-HON-PRD-0012
HON-PRD-0013;PAK-HON-PRD-0013;IND-HON-PRD-0013;CHN-HON-PRD-0013;USA-HON-PRD-0013;UAE-HON-PRD-0013
HON-PRD-0014;PAK-HON-PRD-0014;IND-HON-PRD-0014;CHN-HON-PRD-0014;USA-HON-PRD-0014;UAE-HON-PRD-0014
HON-PRD-0015;PAK-HON-PRD-0015;IND-HON-PRD-0015;CHN-HON-PRD-0015;USA-HON-PRD-0015;UAE-HON-PRD-0015
HON-PRD-0016;PAK-HON-PRD-0016;IND-HON-PRD-0016;CHN-HON-PRD-0016;USA-HON-PRD-0016;UAE-HON-PRD-0016
HON-PRD-0017;PAK-HON-PRD-0017;IND-HON-PRD-0017;CHN-HON-PRD-0017;USA-HON-PRD-0017;UAE-HON-PRD-0017
HON-PRD-0018;PAK-HON-PRD-0018;IND-HON-PRD-0018;CHN-HON-PRD-0018;USA-HON-PRD-0018;UAE-HON-PRD-0018
HON-PRD-0019;PAK-HON-PRD-0019;IND-HON-PRD-0019;CHN-HON-PRD-0019;USA-HON-PRD-0019;UAE-HON-PRD-0019
HON-PRD-0020;PAK-HON-PRD-0020;IND-HON-PRD-0020;CHN-HON-PRD-0020;USA-HON-PRD-0020;UAE-HON-PRD-0020
HON-PRD-0021;PAK-HON-PRD-0021;IND-HON-PRD-0021;CHN-HON-PRD-0021;USA-HON-PRD-0021;UAE-HON-PRD-0021
HON-PRD-0022;PAK-HON-PRD-0022;IND-HON-PRD-0022;CHN-HON-PRD-0022;USA-HON-PRD-0022;UAE-HON-PRD-0022
HON-PRD-0023;PAK-HON-PRD-0023;IND-HON-PRD-0023;CHN-HON-PRD-0023;USA-HON-PRD-0023;UAE-HON-PRD-0023
HON-PRD-0024;PAK-HON-PRD-0024;IND-HON-PRD-0024;CHN-HON-PRD-0024;USA-HON-PRD-0024;UAE-HON-PRD-0024
HON-PRD-0025;PAK-HON-PRD-0025;IND-HON-PRD-0025;CHN-HON-PRD-0025;USA-HON-PRD-0025;UAE-HON-PRD-0025
HON-PRD-0026;PAK-HON-PRD-0026;IND-HON-PRD-0026;CHN-HON-PRD-0026;USA-HON-PRD-0026;UAE-HON-PRD-0026
HON-PRD-0027;PAK-HON-PRD-0027;IND-HON-PRD-0027;CHN-HON-PRD-0027;USA-HON-PRD-0027;UAE-HON-PRD-0027
HON-PRD-0028;PAK-HON-PRD-0028;IND-HON-PRD-0028;CHN-HON-PRD-0028;USA-HON-PRD-0028;UAE-HON-PRD-0028
HON-PRD-0029;PAK-HON-PRD-0029;IND-HON-PRD-0029;CHN-HON-PRD-0029;USA-HON-PRD-0029;UAE-HON-PRD-0029
HON-PRD-0030;PAK-HON-PRD-0030;IND-HON-PRD-0030;CHN-HON-PRD-0030;USA-HON-PRD-0030;UAE-HON-PRD-0030
HON-PRD-0031;PAK-HON-PRD-0031;IND-HON-PRD-0031;CHN-HON-PRD-0031;USA-HON-PRD-0031;UAE-HON-PRD-0031
HON-PRD-0032;PAK-HON-PRD-0032;IND-HON-PRD-0032;CHN-HON-PRD-0032;USA-HON-PRD-0032;UAE-HON-PRD-0032
HON-PRD-0033;PAK-HON-PRD-0033;IND-HON-PRD-0033;CHN-HON-PRD-0033;USA-HON-PRD-0033;UAE-HON-PRD-0033
HON-PRD-0034;PAK-HON-PRD-0034;IND-HON-PRD-0034;CHN-HON-PRD-0034;USA-HON-PRD-0034;UAE-HON-PRD-0034
HON-PRD-0035;PAK-HON-PRD-0035;IND-HON-PRD-0035;CHN-HON-PRD-0035;USA-HON-PRD-0035;UAE-HON-PRD-0035
HON-PRD-0036;PAK-HON-PRD-0036;IND-HON-PRD-0036;CHN-HON-PRD-0036;USA-HON-PRD-0036;UAE-HON-PRD-0036
HON-PRD-0037;PAK-HON-PRD-0037;IND-HON-PRD-0037;CHN-HON-PRD-0037;USA-HON-PRD-0037;UAE-HON-PRD-0037
HON-PRD-0038;PAK-HON-PRD-0038;IND-HON-PRD-0038;CHN-HON-PRD-0038;USA-HON-PRD-0038;UAE-HON-PRD-0038
HON-PRD-0039;PAK-HON-PRD-0039;IND-HON-PRD-0039;CHN-HON-PRD-0039;USA-HON-PRD-0039;UAE-HON-PRD-0039
HON-PRD-0040;PAK-HON-PRD-0040;IND-HON-PRD-0040;CHN-HON-PRD-0040;USA-HON-PRD-0040;UAE-HON-PRD-0040
HON-PRD-0041;PAK-HON-PRD-0041;IND-HON-PRD-0041;CHN-HON-PRD-0041;USA-HON-PRD-0041;UAE-HON-PRD-0041
HON-PRD-0042;PAK-HON-PRD-0042;IND-HON-PRD-0042;CHN-HON-PRD-0042;USA-HON-PRD-0042;UAE-HON-PRD-0042
HON-PRD-0043;PAK-HON-PRD-0043;IND-HON-PRD-0043;CHN-HON-PRD-0043;USA-HON-PRD-0043;UAE-HON-PRD-0043
HON-PRD-0044;PAK-HON-PRD-0044;IND-HON-PRD-0044;CHN-HON-PRD-0044;USA-HON-PRD-0044;UAE-HON-PRD-0044
HON-PRD-0045;PAK-HON-PRD-0045;IND-HON-PRD-0045;CHN-HON-PRD-0045;USA-HON-PRD-0045;UAE-HON-PRD-0045
HON-PRD-0046;PAK-HON-PRD-0046;IND-HON-PRD-0046;CHN-HON-PRD-0046;USA-HON-PRD-0046;UAE-HON-PRD-0046
HON-PRD-0047;PAK-HON-PRD-0047;IND-HON-PRD-0047;CHN-HON-PRD-0047;USA-HON-PRD-0047;UAE-HON-PRD-0047
HON-PRD-0048;PAK-HON-PRD-0048;IND-HON-PRD-0048;CHN-HON-PRD-0048;USA-HON-PRD-0048;UAE-HON-PRD-0048
HON-PRD-0049;PAK-HON-PRD-0049;IND-HON-PRD-0049;CHN-HON-PRD-0049;USA-HON-PRD-0049;UAE-HON-PRD-0049
HON-PRD-0050;PAK-HON-PRD-0050;IND-HON-PRD-0050;CHN-HON-PRD-0050;USA-HON-PRD-0050;UAE-HON-PRD-0050
HON-PRD-0051;PAK-HON-PRD-0051;IND-HON-PRD-0051;CHN-HON-PRD-0051;USA-HON-PRD-0051;UAE-HON-PRD-0051
HON-PRD-0052;PAK-HON-PRD-0052;IND-HON-PRD-0052;CHN-HON-PRD-0052;USA-HON-PRD-0052;UAE-HON-PRD-0052
HON-PRD-0053;PAK-HON-PRD-0053;IND-HON-PRD-0053;CHN-HON-PRD-0053;USA-HON-PRD-0053;UAE-HON-PRD-0053
HON-PRD-0054;PAK-HON-PRD-0054;IND-HON-PRD-0054;CHN-HON-PRD-0054;USA-HON-PRD-0054;UAE-HON-PRD-0054
HON-PRD-0055;PAK-HON-PRD-0055;IND-HON-PRD-0055;CHN-HON-PRD-0055;USA-HON-PRD-0055;UAE-HON-PRD-0055
HON-PRD-0056;PAK-HON-PRD-0056;IND-HON-PRD-0056;CHN-HON-PRD-0056;USA-HON-PRD-0056;UAE-HON-PRD-0056
HON-PRD-0057;PAK-HON-PRD-0057;IND-HON-PRD-0057;CHN-HON-PRD-0057;USA-HON-PRD-0057;UAE-HON-PRD-0057
HON-PRD-0058;PAK-HON-PRD-0058;IND-HON-PRD-0058;CHN-HON-PRD-0058;USA-HON-PRD-0058;UAE-HON-PRD-0058
HON-PRD-0059;PAK-HON-PRD-0059;IND-HON-PRD-0059;CHN-HON-PRD-0059;USA-HON-PRD-0059;UAE-HON-PRD-0059
HON-PRD-0060;PAK-HON-PRD-0060;IND-HON-PRD-0060;CHN-HON-PRD-0060;USA-HON-PRD-0060;UAE-HON-PRD-0060
HON-PRD-0061;PAK-HON-PRD-0061;IND-HON-PRD-0061;CHN-HON-PRD-0061;USA-HON-PRD-0061;UAE-HON-PRD-0061
HON-PRD-0062;PAK-HON-PRD-0062;IND-HON-PRD-0062;CHN-HON-PRD-0062;USA-HON-PRD-0062;UAE-HON-PRD-0062
HON-PRD-0063;PAK-HON-PRD-0063;IND-HON-PRD-0063;CHN-HON-PRD-0063;USA-HON-PRD-0063;UAE-HON-PRD-0063
HON-PRD-0064;PAK-HON-PRD-0064;IND-HON-PRD-0064;CHN-HON-PRD-0064;USA-HON-PRD-0064;UAE-HON-PRD-0064
HON-PRD-0065;PAK-HON-PRD-0065;IND-HON-PRD-0065;CHN-HON-PRD-0065;USA-HON-PRD-0065;UAE-HON-PRD-0065
HON-PRD-0066;PAK-HON-PRD-0066;IND-HON-PRD-0066;CHN-HON-PRD-0066;USA-HON-PRD-0066;UAE-HON-PRD-0066
HON-PRD-0067;PAK-HON-PRD-0067;IND-HON-PRD-0067;CHN-HON-PRD-0067;USA-HON-PRD-0067;UAE-HON-PRD-0067
HON-PRD-0068;PAK-HON-PRD-0068;IND-HON-PRD-0068;CHN-HON-PRD-0068;USA-HON-PRD-0068;UAE-HON-PRD-0068
HON-PRD-0069;PAK-HON-PRD-0069;IND-HON-PRD-0069;CHN-HON-PRD-0069;USA-HON-PRD-0069;UAE-HON-PRD-0069
HON-PRD-0070;PAK-HON-PRD-0070;IND-HON-PRD-0070;CHN-HON-PRD-0070;USA-HON-PRD-0070;UAE-HON-PRD-0070
HON-PRD-0071;PAK-HON-PRD-0071;IND-HON-PRD-0071;CHN-HON-PRD-0071;USA-HON-PRD-0071;UAE-HON-PRD-0071
HON-PRD-0072;PAK-HON-PRD-0072;IND-HON-PRD-0072;CHN-HON-PRD-0072;USA-HON-PRD-0072;UAE-HON-PRD-0072
HON-PRD-0073;PAK-HON-PRD-0073;IND-HON-PRD-0073;CHN-HON-PRD-0073;USA-HON-PRD-0073;UAE-HON-PRD-0073
HON-PRD-0074;PAK-HON-PRD-0074;IND-HON-PRD-0074;CHN-HON-PRD-0074;USA-HON-PRD-0074;UAE-HON-PRD-0074
HON-PRD-0075;PAK-HON-PRD-0075;IND-HON-PRD-0075;CHN-HON-PRD-0075;USA-HON-PRD-0075;UAE-HON-PRD-0075
HON-PRD-0076;PAK-HON-PRD-0076;IND-HON-PRD-0076;CHN-HON-PRD-0076;USA-HON-PRD-0076;UAE-HON-PRD-0076
HON-PRD-0077;PAK-HON-PRD-0077;IND-HON-PRD-0077;CHN-HON-PRD-0077;USA-HON-PRD-0077;UAE-HON-PRD-0077
HON-PRD-0078;PAK-HON-PRD-0078;IND-HON-PRD-0078;CHN-HON-PRD-0078;USA-HON-PRD-0078;UAE-HON-PRD-0078
HON-PRD-0079;PAK-HON-PRD-0079;IND-HON-PRD-0079;CHN-HON-PRD-0079;USA-HON-PRD-0079;UAE-HON-PRD-0079
HON-PRD-0080;PAK-HON-PRD-0080;IND-HON-PRD-0080;CHN-HON-PRD-0080;USA-HON-PRD-0080;UAE-HON-PRD-0080
HON-PRD-0081;PAK-HON-PRD-0081;IND-HON-PRD-0081;CHN-HON-PRD-0081;USA-HON-PRD-0081;UAE-HON-PRD-0081
HON-PRD-0082;PAK-HON-PRD-0082;IND-HON-PRD-0082;CHN-HON-PRD-0082;USA-HON-PRD-0082;UAE-HON-PRD-0082
HON-PRD-0083;PAK-HON-PRD-0083;IND-HON-PRD-0083;CHN-HON-PRD-0083;USA-HON-PRD-0083;UAE-HON-PRD-0083
HON-PRD-0084;PAK-HON-PRD-0084;IND-HON-PRD-0084;CHN-HON-PRD-0084;USA-HON-PRD-0084;UAE-HON-PRD-0084
HON-PRD-0085;PAK-HON-PRD-0085;IND-HON-PRD-0085;CHN-HON-PRD-0085;USA-HON-PRD-0085;UAE-HON-PRD-0085
HON-PRD-0086;PAK-HON-PRD-0086;IND-HON-PRD-0086;CHN-HON-PRD-0086;USA-HON-PRD-0086;UAE-HON-PRD-0086
HON-PRD-0087;PAK-HON-PRD-0087;IND-HON-PRD-0087;CHN-HON-PRD-0087;USA-HON-PRD-0087;UAE-HON-PRD-0087
HON-PRD-0088;PAK-HON-PRD-0088;IND-HON-PRD-0088;CHN-HON-PRD-0088;USA-HON-PRD-0088;UAE-HON-PRD-0088
HON-PRD-0089;PAK-HON-PRD-0089;IND-HON-PRD-0089;CHN-HON-PRD-0089;USA-HON-PRD-0089;UAE-HON-PRD-0089
HON-PRD-0090;PAK-HON-PRD-0090;IND-HON-PRD-0090;CHN-HON-PRD-0090;USA-HON-PRD-0090;UAE-HON-PRD-0090
HON-PRD-0091;PAK-HON-PRD-0091;IND-HON-PRD-0091;CHN-HON-PRD-0091;USA-HON-PRD-0091;UAE-HON-PRD-0091
HUA-PRD-0001;PAK-HUA-PRD-0001;IND-HUA-PRD-0001;CHN-HUA-PRD-0001;USA-HUA-PRD-0001;UAE-HUA-PRD-0001
HUA-PRD-0002;PAK-HUA-PRD-0002;IND-HUA-PRD-0002;CHN-HUA-PRD-0002;USA-HUA-PRD-0002;UAE-HUA-PRD-0002
HUA-PRD-0003;PAK-HUA-PRD-0003;IND-HUA-PRD-0003;CHN-HUA-PRD-0003;USA-HUA-PRD-0003;UAE-HUA-PRD-0003
HUA-PRD-0004;PAK-HUA-PRD-0004;IND-HUA-PRD-0004;CHN-HUA-PRD-0004;USA-HUA-PRD-0004;UAE-HUA-PRD-0004
HUA-PRD-0005;PAK-HUA-PRD-0005;IND-HUA-PRD-0005;CHN-HUA-PRD-0005;USA-HUA-PRD-0005;UAE-HUA-PRD-0005
HUA-PRD-0006;PAK-HUA-PRD-0006;IND-HUA-PRD-0006;CHN-HUA-PRD-0006;USA-HUA-PRD-0006;UAE-HUA-PRD-0006
HUA-PRD-0007;PAK-HUA-PRD-0007;IND-HUA-PRD-0007;CHN-HUA-PRD-0007;USA-HUA-PRD-0007;UAE-HUA-PRD-0007
HUA-PRD-0008;PAK-HUA-PRD-0008;IND-HUA-PRD-0008;CHN-HUA-PRD-0008;USA-HUA-PRD-0008;UAE-HUA-PRD-0008
HUA-PRD-0009;PAK-HUA-PRD-0009;IND-HUA-PRD-0009;CHN-HUA-PRD-0009;USA-HUA-PRD-0009;UAE-HUA-PRD-0009
HUA-PRD-0010;PAK-HUA-PRD-0010;IND-HUA-PRD-0010;CHN-HUA-PRD-0010;USA-HUA-PRD-0010;UAE-HUA-PRD-0010
HUA-PRD-0011;PAK-HUA-PRD-0011;IND-HUA-PRD-0011;CHN-HUA-PRD-0011;USA-HUA-PRD-0011;UAE-HUA-PRD-0011
HUA-PRD-0012;PAK-HUA-PRD-0012;IND-HUA-PRD-0012;CHN-HUA-PRD-0012;USA-HUA-PRD-0012;UAE-HUA-PRD-0012
HUA-PRD-0013;PAK-HUA-PRD-0013;IND-HUA-PRD-0013;CHN-HUA-PRD-0013;USA-HUA-PRD-0013;UAE-HUA-PRD-0013
HUA-PRD-0014;PAK-HUA-PRD-0014;IND-HUA-PRD-0014;CHN-HUA-PRD-0014;USA-HUA-PRD-0014;UAE-HUA-PRD-0014
HUA-PRD-0015;PAK-HUA-PRD-0015;IND-HUA-PRD-0015;CHN-HUA-PRD-0015;USA-HUA-PRD-0015;UAE-HUA-PRD-0015
HUA-PRD-0016;PAK-HUA-PRD-0016;IND-HUA-PRD-0016;CHN-HUA-PRD-0016;USA-HUA-PRD-0016;UAE-HUA-PRD-0016
HUA-PRD-0017;PAK-HUA-PRD-0017;IND-HUA-PRD-0017;CHN-HUA-PRD-0017;USA-HUA-PRD-0017;UAE-HUA-PRD-0017
HUA-PRD-0018;PAK-HUA-PRD-0018;IND-HUA-PRD-0018;CHN-HUA-PRD-0018;USA-HUA-PRD-0018;UAE-HUA-PRD-0018
HUA-PRD-0019;PAK-HUA-PRD-0019;IND-HUA-PRD-0019;CHN-HUA-PRD-0019;USA-HUA-PRD-0019;UAE-HUA-PRD-0019
HUA-PRD-0020;PAK-HUA-PRD-0020;IND-HUA-PRD-0020;CHN-HUA-PRD-0020;USA-HUA-PRD-0020;UAE-HUA-PRD-0020
HUA-PRD-0021;PAK-HUA-PRD-0021;IND-HUA-PRD-0021;CHN-HUA-PRD-0021;USA-HUA-PRD-0021;UAE-HUA-PRD-0021
HUA-PRD-0022;PAK-HUA-PRD-0022;IND-HUA-PRD-0022;CHN-HUA-PRD-0022;USA-HUA-PRD-0022;UAE-HUA-PRD-0022
HUA-PRD-0023;PAK-HUA-PRD-0023;IND-HUA-PRD-0023;CHN-HUA-PRD-0023;USA-HUA-PRD-0023;UAE-HUA-PRD-0023
HUA-PRD-0024;PAK-HUA-PRD-0024;IND-HUA-PRD-0024;CHN-HUA-PRD-0024;USA-HUA-PRD-0024;UAE-HUA-PRD-0024
HUA-PRD-0025;PAK-HUA-PRD-0025;IND-HUA-PRD-0025;CHN-HUA-PRD-0025;USA-HUA-PRD-0025;UAE-HUA-PRD-0025
HUA-PRD-0026;PAK-HUA-PRD-0026;IND-HUA-PRD-0026;CHN-HUA-PRD-0026;USA-HUA-PRD-0026;UAE-HUA-PRD-0026
HUA-PRD-0027;PAK-HUA-PRD-0027;IND-HUA-PRD-0027;CHN-HUA-PRD-0027;USA-HUA-PRD-0027;UAE-HUA-PRD-0027
HUA-PRD-0028;PAK-HUA-PRD-0028;IND-HUA-PRD-0028;CHN-HUA-PRD-0028;USA-HUA-PRD-0028;UAE-HUA-PRD-0028
HUA-PRD-0029;PAK-HUA-PRD-0029;IND-HUA-PRD-0029;CHN-HUA-PRD-0029;USA-HUA-PRD-0029;UAE-HUA-PRD-0029
HUA-PRD-0030;PAK-HUA-PRD-0030;IND-HUA-PRD-0030;CHN-HUA-PRD-0030;USA-HUA-PRD-0030;UAE-HUA-PRD-0030
HUA-PRD-0031;PAK-HUA-PRD-0031;IND-HUA-PRD-0031;CHN-HUA-PRD-0031;USA-HUA-PRD-0031;UAE-HUA-PRD-0031
HUA-PRD-0032;PAK-HUA-PRD-0032;IND-HUA-PRD-0032;CHN-HUA-PRD-0032;USA-HUA-PRD-0032;UAE-HUA-PRD-0032
HUA-PRD-0033;PAK-HUA-PRD-0033;IND-HUA-PRD-0033;CHN-HUA-PRD-0033;USA-HUA-PRD-0033;UAE-HUA-PRD-0033
HUA-PRD-0034;PAK-HUA-PRD-0034;IND-HUA-PRD-0034;CHN-HUA-PRD-0034;USA-HUA-PRD-0034;UAE-HUA-PRD-0034
HUA-PRD-0035;PAK-HUA-PRD-0035;IND-HUA-PRD-0035;CHN-HUA-PRD-0035;USA-HUA-PRD-0035;UAE-HUA-PRD-0035
HUA-PRD-0036;PAK-HUA-PRD-0036;IND-HUA-PRD-0036;CHN-HUA-PRD-0036;USA-HUA-PRD-0036;UAE-HUA-PRD-0036
HUA-PRD-0037;PAK-HUA-PRD-0037;IND-HUA-PRD-0037;CHN-HUA-PRD-0037;USA-HUA-PRD-0037;UAE-HUA-PRD-0037
HUA-PRD-0038;PAK-HUA-PRD-0038;IND-HUA-PRD-0038;CHN-HUA-PRD-0038;USA-HUA-PRD-0038;UAE-HUA-PRD-0038
HUA-PRD-0039;PAK-HUA-PRD-0039;IND-HUA-PRD-0039;CHN-HUA-PRD-0039;USA-HUA-PRD-0039;UAE-HUA-PRD-0039
HUA-PRD-0040;PAK-HUA-PRD-0040;IND-HUA-PRD-0040;CHN-HUA-PRD-0040;USA-HUA-PRD-0040;UAE-HUA-PRD-0040
HUA-PRD-0041;PAK-HUA-PRD-0041;IND-HUA-PRD-0041;CHN-HUA-PRD-0041;USA-HUA-PRD-0041;UAE-HUA-PRD-0041
HUA-PRD-0042;PAK-HUA-PRD-0042;IND-HUA-PRD-0042;CHN-HUA-PRD-0042;USA-HUA-PRD-0042;UAE-HUA-PRD-0042
INF-PRD-0001;PAK-INF-PRD-0001;IND-INF-PRD-0001;CHN-INF-PRD-0001;USA-INF-PRD-0001;UAE-INF-PRD-0001
INF-PRD-0002;PAK-INF-PRD-0002;IND-INF-PRD-0002;CHN-INF-PRD-0002;USA-INF-PRD-0002;UAE-INF-PRD-0002
INF-PRD-0003;PAK-INF-PRD-0003;IND-INF-PRD-0003;CHN-INF-PRD-0003;USA-INF-PRD-0003;UAE-INF-PRD-0003
INF-PRD-0004;PAK-INF-PRD-0004;IND-INF-PRD-0004;CHN-INF-PRD-0004;USA-INF-PRD-0004;UAE-INF-PRD-0004
INF-PRD-0005;PAK-INF-PRD-0005;IND-INF-PRD-0005;CHN-INF-PRD-0005;USA-INF-PRD-0005;UAE-INF-PRD-0005
INF-PRD-0006;PAK-INF-PRD-0006;IND-INF-PRD-0006;CHN-INF-PRD-0006;USA-INF-PRD-0006;UAE-INF-PRD-0006
INF-PRD-0007;PAK-INF-PRD-0007;IND-INF-PRD-0007;CHN-INF-PRD-0007;USA-INF-PRD-0007;UAE-INF-PRD-0007
INF-PRD-0008;PAK-INF-PRD-0008;IND-INF-PRD-0008;CHN-INF-PRD-0008;USA-INF-PRD-0008;UAE-INF-PRD-0008
INF-PRD-0009;PAK-INF-PRD-0009;IND-INF-PRD-0009;CHN-INF-PRD-0009;USA-INF-PRD-0009;UAE-INF-PRD-0009
INF-PRD-0010;PAK-INF-PRD-0010;IND-INF-PRD-0010;CHN-INF-PRD-0010;USA-INF-PRD-0010;UAE-INF-PRD-0010
INF-PRD-0011;PAK-INF-PRD-0011;IND-INF-PRD-0011;CHN-INF-PRD-0011;USA-INF-PRD-0011;UAE-INF-PRD-0011
INF-PRD-0012;PAK-INF-PRD-0012;IND-INF-PRD-0012;CHN-INF-PRD-0012;USA-INF-PRD-0012;UAE-INF-PRD-0012
INF-PRD-0013;PAK-INF-PRD-0013;IND-INF-PRD-0013;CHN-INF-PRD-0013;USA-INF-PRD-0013;UAE-INF-PRD-0013
INF-PRD-0014;PAK-INF-PRD-0014;IND-INF-PRD-0014;CHN-INF-PRD-0014;USA-INF-PRD-0014;UAE-INF-PRD-0014
INF-PRD-0015;PAK-INF-PRD-0015;IND-INF-PRD-0015;CHN-INF-PRD-0015;USA-INF-PRD-0015;UAE-INF-PRD-0015
INF-PRD-0016;PAK-INF-PRD-0016;IND-INF-PRD-0016;CHN-INF-PRD-0016;USA-INF-PRD-0016;UAE-INF-PRD-0016
INF-PRD-0017;PAK-INF-PRD-0017;IND-INF-PRD-0017;CHN-INF-PRD-0017;USA-INF-PRD-0017;UAE-INF-PRD-0017
INF-PRD-0018;PAK-INF-PRD-0018;IND-INF-PRD-0018;CHN-INF-PRD-0018;USA-INF-PRD-0018;UAE-INF-PRD-0018
INF-PRD-0019;PAK-INF-PRD-0019;IND-INF-PRD-0019;CHN-INF-PRD-0019;USA-INF-PRD-0019;UAE-INF-PRD-0019
INF-PRD-0020;PAK-INF-PRD-0020;IND-INF-PRD-0020;CHN-INF-PRD-0020;USA-INF-PRD-0020;UAE-INF-PRD-0020
INF-PRD-0021;PAK-INF-PRD-0021;IND-INF-PRD-0021;CHN-INF-PRD-0021;USA-INF-PRD-0021;UAE-INF-PRD-0021
INF-PRD-0022;PAK-INF-PRD-0022;IND-INF-PRD-0022;CHN-INF-PRD-0022;USA-INF-PRD-0022;UAE-INF-PRD-0022
INF-PRD-0023;PAK-INF-PRD-0023;IND-INF-PRD-0023;CHN-INF-PRD-0023;USA-INF-PRD-0023;UAE-INF-PRD-0023
INF-PRD-0024;PAK-INF-PRD-0024;IND-INF-PRD-0024;CHN-INF-PRD-0024;USA-INF-PRD-0024;UAE-INF-PRD-0024
INF-PRD-0025;PAK-INF-PRD-0025;IND-INF-PRD-0025;CHN-INF-PRD-0025;USA-INF-PRD-0025;UAE-INF-PRD-0025
INF-PRD-0026;PAK-INF-PRD-0026;IND-INF-PRD-0026;CHN-INF-PRD-0026;USA-INF-PRD-0026;UAE-INF-PRD-0026
INF-PRD-0027;PAK-INF-PRD-0027;IND-INF-PRD-0027;CHN-INF-PRD-0027;USA-INF-PRD-0027;UAE-INF-PRD-0027
INF-PRD-0028;PAK-INF-PRD-0028;IND-INF-PRD-0028;CHN-INF-PRD-0028;USA-INF-PRD-0028;UAE-INF-PRD-0028
INF-PRD-0029;PAK-INF-PRD-0029;IND-INF-PRD-0029;CHN-INF-PRD-0029;USA-INF-PRD-0029;UAE-INF-PRD-0029
INF-PRD-0030;PAK-INF-PRD-0030;IND-INF-PRD-0030;CHN-INF-PRD-0030;USA-INF-PRD-0030;UAE-INF-PRD-0030
INF-PRD-0031;PAK-INF-PRD-0031;IND-INF-PRD-0031;CHN-INF-PRD-0031;USA-INF-PRD-0031;UAE-INF-PRD-0031
INF-PRD-0032;PAK-INF-PRD-0032;IND-INF-PRD-0032;CHN-INF-PRD-0032;USA-INF-PRD-0032;UAE-INF-PRD-0032
INF-PRD-0033;PAK-INF-PRD-0033;IND-INF-PRD-0033;CHN-INF-PRD-0033;USA-INF-PRD-0033;UAE-INF-PRD-0033
INF-PRD-0034;PAK-INF-PRD-0034;IND-INF-PRD-0034;CHN-INF-PRD-0034;USA-INF-PRD-0034;UAE-INF-PRD-0034
INF-PRD-0035;PAK-INF-PRD-0035;IND-INF-PRD-0035;CHN-INF-PRD-0035;USA-INF-PRD-0035;UAE-INF-PRD-0035
INF-PRD-0036;PAK-INF-PRD-0036;IND-INF-PRD-0036;CHN-INF-PRD-0036;USA-INF-PRD-0036;UAE-INF-PRD-0036
INF-PRD-0037;PAK-INF-PRD-0037;IND-INF-PRD-0037;CHN-INF-PRD-0037;USA-INF-PRD-0037;UAE-INF-PRD-0037
INF-PRD-0038;PAK-INF-PRD-0038;IND-INF-PRD-0038;CHN-INF-PRD-0038;USA-INF-PRD-0038;UAE-INF-PRD-0038
INF-PRD-0039;PAK-INF-PRD-0039;IND-INF-PRD-0039;CHN-INF-PRD-0039;USA-INF-PRD-0039;UAE-INF-PRD-0039
INF-PRD-0040;PAK-INF-PRD-0040;IND-INF-PRD-0040;CHN-INF-PRD-0040;USA-INF-PRD-0040;UAE-INF-PRD-0040
INF-PRD-0041;PAK-INF-PRD-0041;IND-INF-PRD-0041;CHN-INF-PRD-0041;USA-INF-PRD-0041;UAE-INF-PRD-0041
INF-PRD-0042;PAK-INF-PRD-0042;IND-INF-PRD-0042;CHN-INF-PRD-0042;USA-INF-PRD-0042;UAE-INF-PRD-0042
INF-PRD-0043;PAK-INF-PRD-0043;IND-INF-PRD-0043;CHN-INF-PRD-0043;USA-INF-PRD-0043;UAE-INF-PRD-0043
INF-PRD-0044;PAK-INF-PRD-0044;IND-INF-PRD-0044;CHN-INF-PRD-0044;USA-INF-PRD-0044;UAE-INF-PRD-0044
INF-PRD-0045;PAK-INF-PRD-0045;IND-INF-PRD-0045;CHN-INF-PRD-0045;USA-INF-PRD-0045;UAE-INF-PRD-0045
INF-PRD-0046;PAK-INF-PRD-0046;IND-INF-PRD-0046;CHN-INF-PRD-0046;USA-INF-PRD-0046;UAE-INF-PRD-0046
INF-PRD-0047;PAK-INF-PRD-0047;IND-INF-PRD-0047;CHN-INF-PRD-0047;USA-INF-PRD-0047;UAE-INF-PRD-0047
INF-PRD-0048;PAK-INF-PRD-0048;IND-INF-PRD-0048;CHN-INF-PRD-0048;USA-INF-PRD-0048;UAE-INF-PRD-0048
INF-PRD-0049;PAK-INF-PRD-0049;IND-INF-PRD-0049;CHN-INF-PRD-0049;USA-INF-PRD-0049;UAE-INF-PRD-0049
INF-PRD-0050;PAK-INF-PRD-0050;IND-INF-PRD-0050;CHN-INF-PRD-0050;USA-INF-PRD-0050;UAE-INF-PRD-0050
INF-PRD-0051;PAK-INF-PRD-0051;IND-INF-PRD-0051;CHN-INF-PRD-0051;USA-INF-PRD-0051;UAE-INF-PRD-0051
INF-PRD-0052;PAK-INF-PRD-0052;IND-INF-PRD-0052;CHN-INF-PRD-0052;USA-INF-PRD-0052;UAE-INF-PRD-0052
INF-PRD-0053;PAK-INF-PRD-0053;IND-INF-PRD-0053;CHN-INF-PRD-0053;USA-INF-PRD-0053;UAE-INF-PRD-0053
INF-PRD-0054;PAK-INF-PRD-0054;IND-INF-PRD-0054;CHN-INF-PRD-0054;USA-INF-PRD-0054;UAE-INF-PRD-0054
INF-PRD-0055;PAK-INF-PRD-0055;IND-INF-PRD-0055;CHN-INF-PRD-0055;USA-INF-PRD-0055;UAE-INF-PRD-0055
INF-PRD-0056;PAK-INF-PRD-0056;IND-INF-PRD-0056;CHN-INF-PRD-0056;USA-INF-PRD-0056;UAE-INF-PRD-0056
LEN-PRD-0001;PAK-LEN-PRD-0001;IND-LEN-PRD-0001;CHN-LEN-PRD-0001;USA-LEN-PRD-0001;UAE-LEN-PRD-0001
LEN-PRD-0002;PAK-LEN-PRD-0002;IND-LEN-PRD-0002;CHN-LEN-PRD-0002;USA-LEN-PRD-0002;UAE-LEN-PRD-0002
LEN-PRD-0003;PAK-LEN-PRD-0003;IND-LEN-PRD-0003;CHN-LEN-PRD-0003;USA-LEN-PRD-0003;UAE-LEN-PRD-0003
LEN-PRD-0004;PAK-LEN-PRD-0004;IND-LEN-PRD-0004;CHN-LEN-PRD-0004;USA-LEN-PRD-0004;UAE-LEN-PRD-0004
LEN-PRD-0005;PAK-LEN-PRD-0005;IND-LEN-PRD-0005;CHN-LEN-PRD-0005;USA-LEN-PRD-0005;UAE-LEN-PRD-0005
LEN-PRD-0006;PAK-LEN-PRD-0006;IND-LEN-PRD-0006;CHN-LEN-PRD-0006;USA-LEN-PRD-0006;UAE-LEN-PRD-0006
LEN-PRD-0007;PAK-LEN-PRD-0007;IND-LEN-PRD-0007;CHN-LEN-PRD-0007;USA-LEN-PRD-0007;UAE-LEN-PRD-0007
LEN-PRD-0008;PAK-LEN-PRD-0008;IND-LEN-PRD-0008;CHN-LEN-PRD-0008;USA-LEN-PRD-0008;UAE-LEN-PRD-0008
LEN-PRD-0009;PAK-LEN-PRD-0009;IND-LEN-PRD-0009;CHN-LEN-PRD-0009;USA-LEN-PRD-0009;UAE-LEN-PRD-0009
LEN-PRD-0010;PAK-LEN-PRD-0010;IND-LEN-PRD-0010;CHN-LEN-PRD-0010;USA-LEN-PRD-0010;UAE-LEN-PRD-0010
LEN-PRD-0011;PAK-LEN-PRD-0011;IND-LEN-PRD-0011;CHN-LEN-PRD-0011;USA-LEN-PRD-0011;UAE-LEN-PRD-0011
LEN-PRD-0012;PAK-LEN-PRD-0012;IND-LEN-PRD-0012;CHN-LEN-PRD-0012;USA-LEN-PRD-0012;UAE-LEN-PRD-0012
LEN-PRD-0013;PAK-LEN-PRD-0013;IND-LEN-PRD-0013;CHN-LEN-PRD-0013;USA-LEN-PRD-0013;UAE-LEN-PRD-0013
LEN-PRD-0014;PAK-LEN-PRD-0014;IND-LEN-PRD-0014;CHN-LEN-PRD-0014;USA-LEN-PRD-0014;UAE-LEN-PRD-0014
LEN-PRD-0015;PAK-LEN-PRD-0015;IND-LEN-PRD-0015;CHN-LEN-PRD-0015;USA-LEN-PRD-0015;UAE-LEN-PRD-0015
MOT-PRD-0001;PAK-MOT-PRD-0001;IND-MOT-PRD-0001;CHN-MOT-PRD-0001;USA-MOT-PRD-0001;UAE-MOT-PRD-0001
MOT-PRD-0002;PAK-MOT-PRD-0002;IND-MOT-PRD-0002;CHN-MOT-PRD-0002;USA-MOT-PRD-0002;UAE-MOT-PRD-0002
MOT-PRD-0003;PAK-MOT-PRD-0003;IND-MOT-PRD-0003;CHN-MOT-PRD-0003;USA-MOT-PRD-0003;UAE-MOT-PRD-0003
MOT-PRD-0004;PAK-MOT-PRD-0004;IND-MOT-PRD-0004;CHN-MOT-PRD-0004;USA-MOT-PRD-0004;UAE-MOT-PRD-0004
MOT-PRD-0005;PAK-MOT-PRD-0005;IND-MOT-PRD-0005;CHN-MOT-PRD-0005;USA-MOT-PRD-0005;UAE-MOT-PRD-0005
MOT-PRD-0006;PAK-MOT-PRD-0006;IND-MOT-PRD-0006;CHN-MOT-PRD-0006;USA-MOT-PRD-0006;UAE-MOT-PRD-0006
MOT-PRD-0007;PAK-MOT-PRD-0007;IND-MOT-PRD-0007;CHN-MOT-PRD-0007;USA-MOT-PRD-0007;UAE-MOT-PRD-0007
MOT-PRD-0008;PAK-MOT-PRD-0008;IND-MOT-PRD-0008;CHN-MOT-PRD-0008;USA-MOT-PRD-0008;UAE-MOT-PRD-0008
MOT-PRD-0009;PAK-MOT-PRD-0009;IND-MOT-PRD-0009;CHN-MOT-PRD-0009;USA-MOT-PRD-0009;UAE-MOT-PRD-0009
MOT-PRD-0010;PAK-MOT-PRD-0010;IND-MOT-PRD-0010;CHN-MOT-PRD-0010;USA-MOT-PRD-0010;UAE-MOT-PRD-0010
MOT-PRD-0011;PAK-MOT-PRD-0011;IND-MOT-PRD-0011;CHN-MOT-PRD-0011;USA-MOT-PRD-0011;UAE-MOT-PRD-0011
MOT-PRD-0012;PAK-MOT-PRD-0012;IND-MOT-PRD-0012;CHN-MOT-PRD-0012;USA-MOT-PRD-0012;UAE-MOT-PRD-0012
MOT-PRD-0013;PAK-MOT-PRD-0013;IND-MOT-PRD-0013;CHN-MOT-PRD-0013;USA-MOT-PRD-0013;UAE-MOT-PRD-0013
MOT-PRD-0014;PAK-MOT-PRD-0014;IND-MOT-PRD-0014;CHN-MOT-PRD-0014;USA-MOT-PRD-0014;UAE-MOT-PRD-0014
MOT-PRD-0015;PAK-MOT-PRD-0015;IND-MOT-PRD-0015;CHN-MOT-PRD-0015;USA-MOT-PRD-0015;UAE-MOT-PRD-0015
MOT-PRD-0016;PAK-MOT-PRD-0016;IND-MOT-PRD-0016;CHN-MOT-PRD-0016;USA-MOT-PRD-0016;UAE-MOT-PRD-0016
MOT-PRD-0017;PAK-MOT-PRD-0017;IND-MOT-PRD-0017;CHN-MOT-PRD-0017;USA-MOT-PRD-0017;UAE-MOT-PRD-0017
MOT-PRD-0018;PAK-MOT-PRD-0018;IND-MOT-PRD-0018;CHN-MOT-PRD-0018;USA-MOT-PRD-0018;UAE-MOT-PRD-0018
MOT-PRD-0019;PAK-MOT-PRD-0019;IND-MOT-PRD-0019;CHN-MOT-PRD-0019;USA-MOT-PRD-0019;UAE-MOT-PRD-0019
MOT-PRD-0020;PAK-MOT-PRD-0020;IND-MOT-PRD-0020;CHN-MOT-PRD-0020;USA-MOT-PRD-0020;UAE-MOT-PRD-0020
MOT-PRD-0021;PAK-MOT-PRD-0021;IND-MOT-PRD-0021;CHN-MOT-PRD-0021;USA-MOT-PRD-0021;UAE-MOT-PRD-0021
MOT-PRD-0022;PAK-MOT-PRD-0022;IND-MOT-PRD-0022;CHN-MOT-PRD-0022;USA-MOT-PRD-0022;UAE-MOT-PRD-0022
MOT-PRD-0023;PAK-MOT-PRD-0023;IND-MOT-PRD-0023;CHN-MOT-PRD-0023;USA-MOT-PRD-0023;UAE-MOT-PRD-0023
MOT-PRD-0024;PAK-MOT-PRD-0024;IND-MOT-PRD-0024;CHN-MOT-PRD-0024;USA-MOT-PRD-0024;UAE-MOT-PRD-0024
MOT-PRD-0025;PAK-MOT-PRD-0025;IND-MOT-PRD-0025;CHN-MOT-PRD-0025;USA-MOT-PRD-0025;UAE-MOT-PRD-0025
MOT-PRD-0026;PAK-MOT-PRD-0026;IND-MOT-PRD-0026;CHN-MOT-PRD-0026;USA-MOT-PRD-0026;UAE-MOT-PRD-0026
MOT-PRD-0027;PAK-MOT-PRD-0027;IND-MOT-PRD-0027;CHN-MOT-PRD-0027;USA-MOT-PRD-0027;UAE-MOT-PRD-0027
MOT-PRD-0028;PAK-MOT-PRD-0028;IND-MOT-PRD-0028;CHN-MOT-PRD-0028;USA-MOT-PRD-0028;UAE-MOT-PRD-0028
MOT-PRD-0029;PAK-MOT-PRD-0029;IND-MOT-PRD-0029;CHN-MOT-PRD-0029;USA-MOT-PRD-0029;UAE-MOT-PRD-0029
MOT-PRD-0030;PAK-MOT-PRD-0030;IND-MOT-PRD-0030;CHN-MOT-PRD-0030;USA-MOT-PRD-0030;UAE-MOT-PRD-0030
MOT-PRD-0031;PAK-MOT-PRD-0031;IND-MOT-PRD-0031;CHN-MOT-PRD-0031;USA-MOT-PRD-0031;UAE-MOT-PRD-0031
MOT-PRD-0032;PAK-MOT-PRD-0032;IND-MOT-PRD-0032;CHN-MOT-PRD-0032;USA-MOT-PRD-0032;UAE-MOT-PRD-0032
MOT-PRD-0033;PAK-MOT-PRD-0033;IND-MOT-PRD-0033;CHN-MOT-PRD-0033;USA-MOT-PRD-0033;UAE-MOT-PRD-0033
MOT-PRD-0034;PAK-MOT-PRD-0034;IND-MOT-PRD-0034;CHN-MOT-PRD-0034;USA-MOT-PRD-0034;UAE-MOT-PRD-0034
MOT-PRD-0035;PAK-MOT-PRD-0035;IND-MOT-PRD-0035;CHN-MOT-PRD-0035;USA-MOT-PRD-0035;UAE-MOT-PRD-0035
MOT-PRD-0036;PAK-MOT-PRD-0036;IND-MOT-PRD-0036;CHN-MOT-PRD-0036;USA-MOT-PRD-0036;UAE-MOT-PRD-0036
MOT-PRD-0037;PAK-MOT-PRD-0037;IND-MOT-PRD-0037;CHN-MOT-PRD-0037;USA-MOT-PRD-0037;UAE-MOT-PRD-0037
MOT-PRD-0038;PAK-MOT-PRD-0038;IND-MOT-PRD-0038;CHN-MOT-PRD-0038;USA-MOT-PRD-0038;UAE-MOT-PRD-0038
MOT-PRD-0039;PAK-MOT-PRD-0039;IND-MOT-PRD-0039;CHN-MOT-PRD-0039;USA-MOT-PRD-0039;UAE-MOT-PRD-0039
MOT-PRD-0040;PAK-MOT-PRD-0040;IND-MOT-PRD-0040;CHN-MOT-PRD-0040;USA-MOT-PRD-0040;UAE-MOT-PRD-0040
MOT-PRD-0041;PAK-MOT-PRD-0041;IND-MOT-PRD-0041;CHN-MOT-PRD-0041;USA-MOT-PRD-0041;UAE-MOT-PRD-0041
MOT-PRD-0042;PAK-MOT-PRD-0042;IND-MOT-PRD-0042;CHN-MOT-PRD-0042;USA-MOT-PRD-0042;UAE-MOT-PRD-0042
MOT-PRD-0043;PAK-MOT-PRD-0043;IND-MOT-PRD-0043;CHN-MOT-PRD-0043;USA-MOT-PRD-0043;UAE-MOT-PRD-0043
MOT-PRD-0044;PAK-MOT-PRD-0044;IND-MOT-PRD-0044;CHN-MOT-PRD-0044;USA-MOT-PRD-0044;UAE-MOT-PRD-0044
MOT-PRD-0045;PAK-MOT-PRD-0045;IND-MOT-PRD-0045;CHN-MOT-PRD-0045;USA-MOT-PRD-0045;UAE-MOT-PRD-0045
MOT-PRD-0046;PAK-MOT-PRD-0046;IND-MOT-PRD-0046;CHN-MOT-PRD-0046;USA-MOT-PRD-0046;UAE-MOT-PRD-0046
MOT-PRD-0047;PAK-MOT-PRD-0047;IND-MOT-PRD-0047;CHN-MOT-PRD-0047;USA-MOT-PRD-0047;UAE-MOT-PRD-0047
MOT-PRD-0048;PAK-MOT-PRD-0048;IND-MOT-PRD-0048;CHN-MOT-PRD-0048;USA-MOT-PRD-0048;UAE-MOT-PRD-0048
MOT-PRD-0049;PAK-MOT-PRD-0049;IND-MOT-PRD-0049;CHN-MOT-PRD-0049;USA-MOT-PRD-0049;UAE-MOT-PRD-0049
MOT-PRD-0050;PAK-MOT-PRD-0050;IND-MOT-PRD-0050;CHN-MOT-PRD-0050;USA-MOT-PRD-0050;UAE-MOT-PRD-0050
MOT-PRD-0051;PAK-MOT-PRD-0051;IND-MOT-PRD-0051;CHN-MOT-PRD-0051;USA-MOT-PRD-0051;UAE-MOT-PRD-0051
MOT-PRD-0052;PAK-MOT-PRD-0052;IND-MOT-PRD-0052;CHN-MOT-PRD-0052;USA-MOT-PRD-0052;UAE-MOT-PRD-0052
MOT-PRD-0053;PAK-MOT-PRD-0053;IND-MOT-PRD-0053;CHN-MOT-PRD-0053;USA-MOT-PRD-0053;UAE-MOT-PRD-0053
MOT-PRD-0054;PAK-MOT-PRD-0054;IND-MOT-PRD-0054;CHN-MOT-PRD-0054;USA-MOT-PRD-0054;UAE-MOT-PRD-0054
MOT-PRD-0055;PAK-MOT-PRD-0055;IND-MOT-PRD-0055;CHN-MOT-PRD-0055;USA-MOT-PRD-0055;UAE-MOT-PRD-0055
MOT-PRD-0056;PAK-MOT-PRD-0056;IND-MOT-PRD-0056;CHN-MOT-PRD-0056;USA-MOT-PRD-0056;UAE-MOT-PRD-0056
MOT-PRD-0057;PAK-MOT-PRD-0057;IND-MOT-PRD-0057;CHN-MOT-PRD-0057;USA-MOT-PRD-0057;UAE-MOT-PRD-0057
MOT-PRD-0058;PAK-MOT-PRD-0058;IND-MOT-PRD-0058;CHN-MOT-PRD-0058;USA-MOT-PRD-0058;UAE-MOT-PRD-0058
MOT-PRD-0059;PAK-MOT-PRD-0059;IND-MOT-PRD-0059;CHN-MOT-PRD-0059;USA-MOT-PRD-0059;UAE-MOT-PRD-0059
MOT-PRD-0060;PAK-MOT-PRD-0060;IND-MOT-PRD-0060;CHN-MOT-PRD-0060;USA-MOT-PRD-0060;UAE-MOT-PRD-0060
MOT-PRD-0061;PAK-MOT-PRD-0061;IND-MOT-PRD-0061;CHN-MOT-PRD-0061;USA-MOT-PRD-0061;UAE-MOT-PRD-0061
MOT-PRD-0062;PAK-MOT-PRD-0062;IND-MOT-PRD-0062;CHN-MOT-PRD-0062;USA-MOT-PRD-0062;UAE-MOT-PRD-0062
NOK-PRD-0001;PAK-NOK-PRD-0001;IND-NOK-PRD-0001;CHN-NOK-PRD-0001;USA-NOK-PRD-0001;UAE-NOK-PRD-0001
NOK-PRD-0002;PAK-NOK-PRD-0002;IND-NOK-PRD-0002;CHN-NOK-PRD-0002;USA-NOK-PRD-0002;UAE-NOK-PRD-0002
NOK-PRD-0003;PAK-NOK-PRD-0003;IND-NOK-PRD-0003;CHN-NOK-PRD-0003;USA-NOK-PRD-0003;UAE-NOK-PRD-0003
NOK-PRD-0004;PAK-NOK-PRD-0004;IND-NOK-PRD-0004;CHN-NOK-PRD-0004;USA-NOK-PRD-0004;UAE-NOK-PRD-0004
NOK-PRD-0005;PAK-NOK-PRD-0005;IND-NOK-PRD-0005;CHN-NOK-PRD-0005;USA-NOK-PRD-0005;UAE-NOK-PRD-0005
NOK-PRD-0006;PAK-NOK-PRD-0006;IND-NOK-PRD-0006;CHN-NOK-PRD-0006;USA-NOK-PRD-0006;UAE-NOK-PRD-0006
NOK-PRD-0007;PAK-NOK-PRD-0007;IND-NOK-PRD-0007;CHN-NOK-PRD-0007;USA-NOK-PRD-0007;UAE-NOK-PRD-0007
NOK-PRD-0008;PAK-NOK-PRD-0008;IND-NOK-PRD-0008;CHN-NOK-PRD-0008;USA-NOK-PRD-0008;UAE-NOK-PRD-0008
NOK-PRD-0009;PAK-NOK-PRD-0009;IND-NOK-PRD-0009;CHN-NOK-PRD-0009;USA-NOK-PRD-0009;UAE-NOK-PRD-0009
NOK-PRD-0010;PAK-NOK-PRD-0010;IND-NOK-PRD-0010;CHN-NOK-PRD-0010;USA-NOK-PRD-0010;UAE-NOK-PRD-0010
NOK-PRD-0011;PAK-NOK-PRD-0011;IND-NOK-PRD-0011;CHN-NOK-PRD-0011;USA-NOK-PRD-0011;UAE-NOK-PRD-0011
ONE-PRD-0001;PAK-ONE-PRD-0001;IND-ONE-PRD-0001;CHN-ONE-PRD-0001;USA-ONE-PRD-0001;UAE-ONE-PRD-0001
ONE-PRD-0002;PAK-ONE-PRD-0002;IND-ONE-PRD-0002;CHN-ONE-PRD-0002;USA-ONE-PRD-0002;UAE-ONE-PRD-0002
ONE-PRD-0003;PAK-ONE-PRD-0003;IND-ONE-PRD-0003;CHN-ONE-PRD-0003;USA-ONE-PRD-0003;UAE-ONE-PRD-0003
ONE-PRD-0004;PAK-ONE-PRD-0004;IND-ONE-PRD-0004;CHN-ONE-PRD-0004;USA-ONE-PRD-0004;UAE-ONE-PRD-0004
ONE-PRD-0005;PAK-ONE-PRD-0005;IND-ONE-PRD-0005;CHN-ONE-PRD-0005;USA-ONE-PRD-0005;UAE-ONE-PRD-0005
ONE-PRD-0006;PAK-ONE-PRD-0006;IND-ONE-PRD-0006;CHN-ONE-PRD-0006;USA-ONE-PRD-0006;UAE-ONE-PRD-0006
ONE-PRD-0007;PAK-ONE-PRD-0007;IND-ONE-PRD-0007;CHN-ONE-PRD-0007;USA-ONE-PRD-0007;UAE-ONE-PRD-0007
ONE-PRD-0008;PAK-ONE-PRD-0008;IND-ONE-PRD-0008;CHN-ONE-PRD-0008;USA-ONE-PRD-0008;UAE-ONE-PRD-0008
ONE-PRD-0009;PAK-ONE-PRD-0009;IND-ONE-PRD-0009;CHN-ONE-PRD-0009;USA-ONE-PRD-0009;UAE-ONE-PRD-0009
ONE-PRD-0010;PAK-ONE-PRD-0010;IND-ONE-PRD-0010;CHN-ONE-PRD-0010;USA-ONE-PRD-0010;UAE-ONE-PRD-0010
ONE-PRD-0011;PAK-ONE-PRD-0011;IND-ONE-PRD-0011;CHN-ONE-PRD-0011;USA-ONE-PRD-0011;UAE-ONE-PRD-0011
ONE-PRD-0012;PAK-ONE-PRD-0012;IND-ONE-PRD-0012;CHN-ONE-PRD-0012;USA-ONE-PRD-0012;UAE-ONE-PRD-0012
ONE-PRD-0013;PAK-ONE-PRD-0013;IND-ONE-PRD-0013;CHN-ONE-PRD-0013;USA-ONE-PRD-0013;UAE-ONE-PRD-0013
ONE-PRD-0014;PAK-ONE-PRD-0014;IND-ONE-PRD-0014;CHN-ONE-PRD-0014;USA-ONE-PRD-0014;UAE-ONE-PRD-0014
ONE-PRD-0015;PAK-ONE-PRD-0015;IND-ONE-PRD-0015;CHN-ONE-PRD-0015;USA-ONE-PRD-0015;UAE-ONE-PRD-0015
ONE-PRD-0016;PAK-ONE-PRD-0016;IND-ONE-PRD-0016;CHN-ONE-PRD-0016;USA-ONE-PRD-0016;UAE-ONE-PRD-0016
ONE-PRD-0017;PAK-ONE-PRD-0017;IND-ONE-PRD-0017;CHN-ONE-PRD-0017;USA-ONE-PRD-0017;UAE-ONE-PRD-0017
ONE-PRD-0018;PAK-ONE-PRD-0018;IND-ONE-PRD-0018;CHN-ONE-PRD-0018;USA-ONE-PRD-0018;UAE-ONE-PRD-0018
ONE-PRD-0019;PAK-ONE-PRD-0019;IND-ONE-PRD-0019;CHN-ONE-PRD-0019;USA-ONE-PRD-0019;UAE-ONE-PRD-0019
ONE-PRD-0020;PAK-ONE-PRD-0020;IND-ONE-PRD-0020;CHN-ONE-PRD-0020;USA-ONE-PRD-0020;UAE-ONE-PRD-0020
ONE-PRD-0021;PAK-ONE-PRD-0021;IND-ONE-PRD-0021;CHN-ONE-PRD-0021;USA-ONE-PRD-0021;UAE-ONE-PRD-0021
ONE-PRD-0022;PAK-ONE-PRD-0022;IND-ONE-PRD-0022;CHN-ONE-PRD-0022;USA-ONE-PRD-0022;UAE-ONE-PRD-0022
ONE-PRD-0023;PAK-ONE-PRD-0023;IND-ONE-PRD-0023;CHN-ONE-PRD-0023;USA-ONE-PRD-0023;UAE-ONE-PRD-0023
ONE-PRD-0024;PAK-ONE-PRD-0024;IND-ONE-PRD-0024;CHN-ONE-PRD-0024;USA-ONE-PRD-0024;UAE-ONE-PRD-0024
ONE-PRD-0025;PAK-ONE-PRD-0025;IND-ONE-PRD-0025;CHN-ONE-PRD-0025;USA-ONE-PRD-0025;UAE-ONE-PRD-0025
ONE-PRD-0026;PAK-ONE-PRD-0026;IND-ONE-PRD-0026;CHN-ONE-PRD-0026;USA-ONE-PRD-0026;UAE-ONE-PRD-0026
ONE-PRD-0027;PAK-ONE-PRD-0027;IND-ONE-PRD-0027;CHN-ONE-PRD-0027;USA-ONE-PRD-0027;UAE-ONE-PRD-0027
ONE-PRD-0028;PAK-ONE-PRD-0028;IND-ONE-PRD-0028;CHN-ONE-PRD-0028;USA-ONE-PRD-0028;UAE-ONE-PRD-0028
ONE-PRD-0029;PAK-ONE-PRD-0029;IND-ONE-PRD-0029;CHN-ONE-PRD-0029;USA-ONE-PRD-0029;UAE-ONE-PRD-0029
ONE-PRD-0030;PAK-ONE-PRD-0030;IND-ONE-PRD-0030;CHN-ONE-PRD-0030;USA-ONE-PRD-0030;UAE-ONE-PRD-0030
ONE-PRD-0031;PAK-ONE-PRD-0031;IND-ONE-PRD-0031;CHN-ONE-PRD-0031;USA-ONE-PRD-0031;UAE-ONE-PRD-0031
ONE-PRD-0032;PAK-ONE-PRD-0032;IND-ONE-PRD-0032;CHN-ONE-PRD-0032;USA-ONE-PRD-0032;UAE-ONE-PRD-0032
ONE-PRD-0033;PAK-ONE-PRD-0033;IND-ONE-PRD-0033;CHN-ONE-PRD-0033;USA-ONE-PRD-0033;UAE-ONE-PRD-0033
ONE-PRD-0034;PAK-ONE-PRD-0034;IND-ONE-PRD-0034;CHN-ONE-PRD-0034;USA-ONE-PRD-0034;UAE-ONE-PRD-0034
ONE-PRD-0035;PAK-ONE-PRD-0035;IND-ONE-PRD-0035;CHN-ONE-PRD-0035;USA-ONE-PRD-0035;UAE-ONE-PRD-0035
ONE-PRD-0036;PAK-ONE-PRD-0036;IND-ONE-PRD-0036;CHN-ONE-PRD-0036;USA-ONE-PRD-0036;UAE-ONE-PRD-0036
ONE-PRD-0037;PAK-ONE-PRD-0037;IND-ONE-PRD-0037;CHN-ONE-PRD-0037;USA-ONE-PRD-0037;UAE-ONE-PRD-0037
ONE-PRD-0038;PAK-ONE-PRD-0038;IND-ONE-PRD-0038;CHN-ONE-PRD-0038;USA-ONE-PRD-0038;UAE-ONE-PRD-0038
ONE-PRD-0039;PAK-ONE-PRD-0039;IND-ONE-PRD-0039;CHN-ONE-PRD-0039;USA-ONE-PRD-0039;UAE-ONE-PRD-0039
ONE-PRD-0040;PAK-ONE-PRD-0040;IND-ONE-PRD-0040;CHN-ONE-PRD-0040;USA-ONE-PRD-0040;UAE-ONE-PRD-0040
ONE-PRD-0041;PAK-ONE-PRD-0041;IND-ONE-PRD-0041;CHN-ONE-PRD-0041;USA-ONE-PRD-0041;UAE-ONE-PRD-0041
ONE-PRD-0042;PAK-ONE-PRD-0042;IND-ONE-PRD-0042;CHN-ONE-PRD-0042;USA-ONE-PRD-0042;UAE-ONE-PRD-0042
ONE-PRD-0043;PAK-ONE-PRD-0043;IND-ONE-PRD-0043;CHN-ONE-PRD-0043;USA-ONE-PRD-0043;UAE-ONE-PRD-0043
ONE-PRD-0044;PAK-ONE-PRD-0044;IND-ONE-PRD-0044;CHN-ONE-PRD-0044;USA-ONE-PRD-0044;UAE-ONE-PRD-0044
ONE-PRD-0045;PAK-ONE-PRD-0045;IND-ONE-PRD-0045;CHN-ONE-PRD-0045;USA-ONE-PRD-0045;UAE-ONE-PRD-0045
ONE-PRD-0046;PAK-ONE-PRD-0046;IND-ONE-PRD-0046;CHN-ONE-PRD-0046;USA-ONE-PRD-0046;UAE-ONE-PRD-0046
ONE-PRD-0047;PAK-ONE-PRD-0047;IND-ONE-PRD-0047;CHN-ONE-PRD-0047;USA-ONE-PRD-0047;UAE-ONE-PRD-0047
ONE-PRD-0048;PAK-ONE-PRD-0048;IND-ONE-PRD-0048;CHN-ONE-PRD-0048;USA-ONE-PRD-0048;UAE-ONE-PRD-0048
ONE-PRD-0049;PAK-ONE-PRD-0049;IND-ONE-PRD-0049;CHN-ONE-PRD-0049;USA-ONE-PRD-0049;UAE-ONE-PRD-0049
ONE-PRD-0050;PAK-ONE-PRD-0050;IND-ONE-PRD-0050;CHN-ONE-PRD-0050;USA-ONE-PRD-0050;UAE-ONE-PRD-0050
ONE-PRD-0051;PAK-ONE-PRD-0051;IND-ONE-PRD-0051;CHN-ONE-PRD-0051;USA-ONE-PRD-0051;UAE-ONE-PRD-0051
ONE-PRD-0052;PAK-ONE-PRD-0052;IND-ONE-PRD-0052;CHN-ONE-PRD-0052;USA-ONE-PRD-0052;UAE-ONE-PRD-0052
ONE-PRD-0053;PAK-ONE-PRD-0053;IND-ONE-PRD-0053;CHN-ONE-PRD-0053;USA-ONE-PRD-0053;UAE-ONE-PRD-0053
OPP-PRD-0001;PAK-OPP-PRD-0001;IND-OPP-PRD-0001;CHN-OPP-PRD-0001;USA-OPP-PRD-0001;UAE-OPP-PRD-0001
OPP-PRD-0002;PAK-OPP-PRD-0002;IND-OPP-PRD-0002;CHN-OPP-PRD-0002;USA-OPP-PRD-0002;UAE-OPP-PRD-0002
OPP-PRD-0003;PAK-OPP-PRD-0003;IND-OPP-PRD-0003;CHN-OPP-PRD-0003;USA-OPP-PRD-0003;UAE-OPP-PRD-0003
OPP-PRD-0004;PAK-OPP-PRD-0004;IND-OPP-PRD-0004;CHN-OPP-PRD-0004;USA-OPP-PRD-0004;UAE-OPP-PRD-0004
OPP-PRD-0005;PAK-OPP-PRD-0005;IND-OPP-PRD-0005;CHN-OPP-PRD-0005;USA-OPP-PRD-0005;UAE-OPP-PRD-0005
OPP-PRD-0006;PAK-OPP-PRD-0006;IND-OPP-PRD-0006;CHN-OPP-PRD-0006;USA-OPP-PRD-0006;UAE-OPP-PRD-0006
OPP-PRD-0007;PAK-OPP-PRD-0007;IND-OPP-PRD-0007;CHN-OPP-PRD-0007;USA-OPP-PRD-0007;UAE-OPP-PRD-0007
OPP-PRD-0008;PAK-OPP-PRD-0008;IND-OPP-PRD-0008;CHN-OPP-PRD-0008;USA-OPP-PRD-0008;UAE-OPP-PRD-0008
OPP-PRD-0009;PAK-OPP-PRD-0009;IND-OPP-PRD-0009;CHN-OPP-PRD-0009;USA-OPP-PRD-0009;UAE-OPP-PRD-0009
OPP-PRD-0010;PAK-OPP-PRD-0010;IND-OPP-PRD-0010;CHN-OPP-PRD-0010;USA-OPP-PRD-0010;UAE-OPP-PRD-0010
OPP-PRD-0011;PAK-OPP-PRD-0011;IND-OPP-PRD-0011;CHN-OPP-PRD-0011;USA-OPP-PRD-0011;UAE-OPP-PRD-0011
OPP-PRD-0012;PAK-OPP-PRD-0012;IND-OPP-PRD-0012;CHN-OPP-PRD-0012;USA-OPP-PRD-0012;UAE-OPP-PRD-0012
OPP-PRD-0013;PAK-OPP-PRD-0013;IND-OPP-PRD-0013;CHN-OPP-PRD-0013;USA-OPP-PRD-0013;UAE-OPP-PRD-0013
OPP-PRD-0014;PAK-OPP-PRD-0014;IND-OPP-PRD-0014;CHN-OPP-PRD-0014;USA-OPP-PRD-0014;UAE-OPP-PRD-0014
OPP-PRD-0015;PAK-OPP-PRD-0015;IND-OPP-PRD-0015;CHN-OPP-PRD-0015;USA-OPP-PRD-0015;UAE-OPP-PRD-0015
OPP-PRD-0016;PAK-OPP-PRD-0016;IND-OPP-PRD-0016;CHN-OPP-PRD-0016;USA-OPP-PRD-0016;UAE-OPP-PRD-0016
OPP-PRD-0017;PAK-OPP-PRD-0017;IND-OPP-PRD-0017;CHN-OPP-PRD-0017;USA-OPP-PRD-0017;UAE-OPP-PRD-0017
OPP-PRD-0018;PAK-OPP-PRD-0018;IND-OPP-PRD-0018;CHN-OPP-PRD-0018;USA-OPP-PRD-0018;UAE-OPP-PRD-0018
OPP-PRD-0019;PAK-OPP-PRD-0019;IND-OPP-PRD-0019;CHN-OPP-PRD-0019;USA-OPP-PRD-0019;UAE-OPP-PRD-0019
OPP-PRD-0020;PAK-OPP-PRD-0020;IND-OPP-PRD-0020;CHN-OPP-PRD-0020;USA-OPP-PRD-0020;UAE-OPP-PRD-0020
OPP-PRD-0021;PAK-OPP-PRD-0021;IND-OPP-PRD-0021;CHN-OPP-PRD-0021;USA-OPP-PRD-0021;UAE-OPP-PRD-0021
OPP-PRD-0022;PAK-OPP-PRD-0022;IND-OPP-PRD-0022;CHN-OPP-PRD-0022;USA-OPP-PRD-0022;UAE-OPP-PRD-0022
OPP-PRD-0023;PAK-OPP-PRD-0023;IND-OPP-PRD-0023;CHN-OPP-PRD-0023;USA-OPP-PRD-0023;UAE-OPP-PRD-0023
OPP-PRD-0024;PAK-OPP-PRD-0024;IND-OPP-PRD-0024;CHN-OPP-PRD-0024;USA-OPP-PRD-0024;UAE-OPP-PRD-0024
OPP-PRD-0025;PAK-OPP-PRD-0025;IND-OPP-PRD-0025;CHN-OPP-PRD-0025;USA-OPP-PRD-0025;UAE-OPP-PRD-0025
OPP-PRD-0026;PAK-OPP-PRD-0026;IND-OPP-PRD-0026;CHN-OPP-PRD-0026;USA-OPP-PRD-0026;UAE-OPP-PRD-0026
OPP-PRD-0027;PAK-OPP-PRD-0027;IND-OPP-PRD-0027;CHN-OPP-PRD-0027;USA-OPP-PRD-0027;UAE-OPP-PRD-0027
OPP-PRD-0028;PAK-OPP-PRD-0028;IND-OPP-PRD-0028;CHN-OPP-PRD-0028;USA-OPP-PRD-0028;UAE-OPP-PRD-0028
OPP-PRD-0029;PAK-OPP-PRD-0029;IND-OPP-PRD-0029;CHN-OPP-PRD-0029;USA-OPP-PRD-0029;UAE-OPP-PRD-0029
OPP-PRD-0030;PAK-OPP-PRD-0030;IND-OPP-PRD-0030;CHN-OPP-PRD-0030;USA-OPP-PRD-0030;UAE-OPP-PRD-0030
OPP-PRD-0031;PAK-OPP-PRD-0031;IND-OPP-PRD-0031;CHN-OPP-PRD-0031;USA-OPP-PRD-0031;UAE-OPP-PRD-0031
OPP-PRD-0032;PAK-OPP-PRD-0032;IND-OPP-PRD-0032;CHN-OPP-PRD-0032;USA-OPP-PRD-0032;UAE-OPP-PRD-0032
OPP-PRD-0033;PAK-OPP-PRD-0033;IND-OPP-PRD-0033;CHN-OPP-PRD-0033;USA-OPP-PRD-0033;UAE-OPP-PRD-0033
OPP-PRD-0034;PAK-OPP-PRD-0034;IND-OPP-PRD-0034;CHN-OPP-PRD-0034;USA-OPP-PRD-0034;UAE-OPP-PRD-0034
OPP-PRD-0035;PAK-OPP-PRD-0035;IND-OPP-PRD-0035;CHN-OPP-PRD-0035;USA-OPP-PRD-0035;UAE-OPP-PRD-0035
OPP-PRD-0036;PAK-OPP-PRD-0036;IND-OPP-PRD-0036;CHN-OPP-PRD-0036;USA-OPP-PRD-0036;UAE-OPP-PRD-0036
OPP-PRD-0037;PAK-OPP-PRD-0037;IND-OPP-PRD-0037;CHN-OPP-PRD-0037;USA-OPP-PRD-0037;UAE-OPP-PRD-0037
OPP-PRD-0038;PAK-OPP-PRD-0038;IND-OPP-PRD-0038;CHN-OPP-PRD-0038;USA-OPP-PRD-0038;UAE-OPP-PRD-0038
OPP-PRD-0039;PAK-OPP-PRD-0039;IND-OPP-PRD-0039;CHN-OPP-PRD-0039;USA-OPP-PRD-0039;UAE-OPP-PRD-0039
OPP-PRD-0040;PAK-OPP-PRD-0040;IND-OPP-PRD-0040;CHN-OPP-PRD-0040;USA-OPP-PRD-0040;UAE-OPP-PRD-0040
OPP-PRD-0041;PAK-OPP-PRD-0041;IND-OPP-PRD-0041;CHN-OPP-PRD-0041;USA-OPP-PRD-0041;UAE-OPP-PRD-0041
OPP-PRD-0042;PAK-OPP-PRD-0042;IND-OPP-PRD-0042;CHN-OPP-PRD-0042;USA-OPP-PRD-0042;UAE-OPP-PRD-0042
OPP-PRD-0043;PAK-OPP-PRD-0043;IND-OPP-PRD-0043;CHN-OPP-PRD-0043;USA-OPP-PRD-0043;UAE-OPP-PRD-0043
OPP-PRD-0044;PAK-OPP-PRD-0044;IND-OPP-PRD-0044;CHN-OPP-PRD-0044;USA-OPP-PRD-0044;UAE-OPP-PRD-0044
OPP-PRD-0045;PAK-OPP-PRD-0045;IND-OPP-PRD-0045;CHN-OPP-PRD-0045;USA-OPP-PRD-0045;UAE-OPP-PRD-0045
OPP-PRD-0046;PAK-OPP-PRD-0046;IND-OPP-PRD-0046;CHN-OPP-PRD-0046;USA-OPP-PRD-0046;UAE-OPP-PRD-0046
OPP-PRD-0047;PAK-OPP-PRD-0047;IND-OPP-PRD-0047;CHN-OPP-PRD-0047;USA-OPP-PRD-0047;UAE-OPP-PRD-0047
OPP-PRD-0048;PAK-OPP-PRD-0048;IND-OPP-PRD-0048;CHN-OPP-PRD-0048;USA-OPP-PRD-0048;UAE-OPP-PRD-0048
OPP-PRD-0049;PAK-OPP-PRD-0049;IND-OPP-PRD-0049;CHN-OPP-PRD-0049;USA-OPP-PRD-0049;UAE-OPP-PRD-0049
OPP-PRD-0050;PAK-OPP-PRD-0050;IND-OPP-PRD-0050;CHN-OPP-PRD-0050;USA-OPP-PRD-0050;UAE-OPP-PRD-0050
OPP-PRD-0051;PAK-OPP-PRD-0051;IND-OPP-PRD-0051;CHN-OPP-PRD-0051;USA-OPP-PRD-0051;UAE-OPP-PRD-0051
OPP-PRD-0052;PAK-OPP-PRD-0052;IND-OPP-PRD-0052;CHN-OPP-PRD-0052;USA-OPP-PRD-0052;UAE-OPP-PRD-0052
OPP-PRD-0053;PAK-OPP-PRD-0053;IND-OPP-PRD-0053;CHN-OPP-PRD-0053;USA-OPP-PRD-0053;UAE-OPP-PRD-0053
OPP-PRD-0054;PAK-OPP-PRD-0054;IND-OPP-PRD-0054;CHN-OPP-PRD-0054;USA-OPP-PRD-0054;UAE-OPP-PRD-0054
OPP-PRD-0055;PAK-OPP-PRD-0055;IND-OPP-PRD-0055;CHN-OPP-PRD-0055;USA-OPP-PRD-0055;UAE-OPP-PRD-0055
OPP-PRD-0056;PAK-OPP-PRD-0056;IND-OPP-PRD-0056;CHN-OPP-PRD-0056;USA-OPP-PRD-0056;UAE-OPP-PRD-0056
OPP-PRD-0057;PAK-OPP-PRD-0057;IND-OPP-PRD-0057;CHN-OPP-PRD-0057;USA-OPP-PRD-0057;UAE-OPP-PRD-0057
OPP-PRD-0058;PAK-OPP-PRD-0058;IND-OPP-PRD-0058;CHN-OPP-PRD-0058;USA-OPP-PRD-0058;UAE-OPP-PRD-0058
OPP-PRD-0059;PAK-OPP-PRD-0059;IND-OPP-PRD-0059;CHN-OPP-PRD-0059;USA-OPP-PRD-0059;UAE-OPP-PRD-0059
OPP-PRD-0060;PAK-OPP-PRD-0060;IND-OPP-PRD-0060;CHN-OPP-PRD-0060;USA-OPP-PRD-0060;UAE-OPP-PRD-0060
OPP-PRD-0061;PAK-OPP-PRD-0061;IND-OPP-PRD-0061;CHN-OPP-PRD-0061;USA-OPP-PRD-0061;UAE-OPP-PRD-0061
OPP-PRD-0062;PAK-OPP-PRD-0062;IND-OPP-PRD-0062;CHN-OPP-PRD-0062;USA-OPP-PRD-0062;UAE-OPP-PRD-0062
OPP-PRD-0063;PAK-OPP-PRD-0063;IND-OPP-PRD-0063;CHN-OPP-PRD-0063;USA-OPP-PRD-0063;UAE-OPP-PRD-0063
OPP-PRD-0064;PAK-OPP-PRD-0064;IND-OPP-PRD-0064;CHN-OPP-PRD-0064;USA-OPP-PRD-0064;UAE-OPP-PRD-0064
OPP-PRD-0065;PAK-OPP-PRD-0065;IND-OPP-PRD-0065;CHN-OPP-PRD-0065;USA-OPP-PRD-0065;UAE-OPP-PRD-0065
OPP-PRD-0066;PAK-OPP-PRD-0066;IND-OPP-PRD-0066;CHN-OPP-PRD-0066;USA-OPP-PRD-0066;UAE-OPP-PRD-0066
OPP-PRD-0067;PAK-OPP-PRD-0067;IND-OPP-PRD-0067;CHN-OPP-PRD-0067;USA-OPP-PRD-0067;UAE-OPP-PRD-0067
OPP-PRD-0068;PAK-OPP-PRD-0068;IND-OPP-PRD-0068;CHN-OPP-PRD-0068;USA-OPP-PRD-0068;UAE-OPP-PRD-0068
OPP-PRD-0069;PAK-OPP-PRD-0069;IND-OPP-PRD-0069;CHN-OPP-PRD-0069;USA-OPP-PRD-0069;UAE-OPP-PRD-0069
OPP-PRD-0070;PAK-OPP-PRD-0070;IND-OPP-PRD-0070;CHN-OPP-PRD-0070;USA-OPP-PRD-0070;UAE-OPP-PRD-0070
OPP-PRD-0071;PAK-OPP-PRD-0071;IND-OPP-PRD-0071;CHN-OPP-PRD-0071;USA-OPP-PRD-0071;UAE-OPP-PRD-0071
OPP-PRD-0072;PAK-OPP-PRD-0072;IND-OPP-PRD-0072;CHN-OPP-PRD-0072;USA-OPP-PRD-0072;UAE-OPP-PRD-0072
OPP-PRD-0073;PAK-OPP-PRD-0073;IND-OPP-PRD-0073;CHN-OPP-PRD-0073;USA-OPP-PRD-0073;UAE-OPP-PRD-0073
OPP-PRD-0074;PAK-OPP-PRD-0074;IND-OPP-PRD-0074;CHN-OPP-PRD-0074;USA-OPP-PRD-0074;UAE-OPP-PRD-0074
OPP-PRD-0075;PAK-OPP-PRD-0075;IND-OPP-PRD-0075;CHN-OPP-PRD-0075;USA-OPP-PRD-0075;UAE-OPP-PRD-0075
OPP-PRD-0076;PAK-OPP-PRD-0076;IND-OPP-PRD-0076;CHN-OPP-PRD-0076;USA-OPP-PRD-0076;UAE-OPP-PRD-0076
OPP-PRD-0077;PAK-OPP-PRD-0077;IND-OPP-PRD-0077;CHN-OPP-PRD-0077;USA-OPP-PRD-0077;UAE-OPP-PRD-0077
OPP-PRD-0078;PAK-OPP-PRD-0078;IND-OPP-PRD-0078;CHN-OPP-PRD-0078;USA-OPP-PRD-0078;UAE-OPP-PRD-0078
OPP-PRD-0079;PAK-OPP-PRD-0079;IND-OPP-PRD-0079;CHN-OPP-PRD-0079;USA-OPP-PRD-0079;UAE-OPP-PRD-0079
OPP-PRD-0080;PAK-OPP-PRD-0080;IND-OPP-PRD-0080;CHN-OPP-PRD-0080;USA-OPP-PRD-0080;UAE-OPP-PRD-0080
OPP-PRD-0081;PAK-OPP-PRD-0081;IND-OPP-PRD-0081;CHN-OPP-PRD-0081;USA-OPP-PRD-0081;UAE-OPP-PRD-0081
OPP-PRD-0082;PAK-OPP-PRD-0082;IND-OPP-PRD-0082;CHN-OPP-PRD-0082;USA-OPP-PRD-0082;UAE-OPP-PRD-0082
OPP-PRD-0083;PAK-OPP-PRD-0083;IND-OPP-PRD-0083;CHN-OPP-PRD-0083;USA-OPP-PRD-0083;UAE-OPP-PRD-0083
OPP-PRD-0084;PAK-OPP-PRD-0084;IND-OPP-PRD-0084;CHN-OPP-PRD-0084;USA-OPP-PRD-0084;UAE-OPP-PRD-0084
OPP-PRD-0085;PAK-OPP-PRD-0085;IND-OPP-PRD-0085;CHN-OPP-PRD-0085;USA-OPP-PRD-0085;UAE-OPP-PRD-0085
OPP-PRD-0086;PAK-OPP-PRD-0086;IND-OPP-PRD-0086;CHN-OPP-PRD-0086;USA-OPP-PRD-0086;UAE-OPP-PRD-0086
OPP-PRD-0087;PAK-OPP-PRD-0087;IND-OPP-PRD-0087;CHN-OPP-PRD-0087;USA-OPP-PRD-0087;UAE-OPP-PRD-0087
OPP-PRD-0088;PAK-OPP-PRD-0088;IND-OPP-PRD-0088;CHN-OPP-PRD-0088;USA-OPP-PRD-0088;UAE-OPP-PRD-0088
OPP-PRD-0089;PAK-OPP-PRD-0089;IND-OPP-PRD-0089;CHN-OPP-PRD-0089;USA-OPP-PRD-0089;UAE-OPP-PRD-0089
OPP-PRD-0090;PAK-OPP-PRD-0090;IND-OPP-PRD-0090;CHN-OPP-PRD-0090;USA-OPP-PRD-0090;UAE-OPP-PRD-0090
OPP-PRD-0091;PAK-OPP-PRD-0091;IND-OPP-PRD-0091;CHN-OPP-PRD-0091;USA-OPP-PRD-0091;UAE-OPP-PRD-0091
OPP-PRD-0092;PAK-OPP-PRD-0092;IND-OPP-PRD-0092;CHN-OPP-PRD-0092;USA-OPP-PRD-0092;UAE-OPP-PRD-0092
OPP-PRD-0093;PAK-OPP-PRD-0093;IND-OPP-PRD-0093;CHN-OPP-PRD-0093;USA-OPP-PRD-0093;UAE-OPP-PRD-0093
OPP-PRD-0094;PAK-OPP-PRD-0094;IND-OPP-PRD-0094;CHN-OPP-PRD-0094;USA-OPP-PRD-0094;UAE-OPP-PRD-0094
OPP-PRD-0095;PAK-OPP-PRD-0095;IND-OPP-PRD-0095;CHN-OPP-PRD-0095;USA-OPP-PRD-0095;UAE-OPP-PRD-0095
OPP-PRD-0096;PAK-OPP-PRD-0096;IND-OPP-PRD-0096;CHN-OPP-PRD-0096;USA-OPP-PRD-0096;UAE-OPP-PRD-0096
OPP-PRD-0097;PAK-OPP-PRD-0097;IND-OPP-PRD-0097;CHN-OPP-PRD-0097;USA-OPP-PRD-0097;UAE-OPP-PRD-0097
OPP-PRD-0098;PAK-OPP-PRD-0098;IND-OPP-PRD-0098;CHN-OPP-PRD-0098;USA-OPP-PRD-0098;UAE-OPP-PRD-0098
OPP-PRD-0099;PAK-OPP-PRD-0099;IND-OPP-PRD-0099;CHN-OPP-PRD-0099;USA-OPP-PRD-0099;UAE-OPP-PRD-0099
OPP-PRD-0100;PAK-OPP-PRD-0100;IND-OPP-PRD-0100;CHN-OPP-PRD-0100;USA-OPP-PRD-0100;UAE-OPP-PRD-0100
OPP-PRD-0101;PAK-OPP-PRD-0101;IND-OPP-PRD-0101;CHN-OPP-PRD-0101;USA-OPP-PRD-0101;UAE-OPP-PRD-0101
OPP-PRD-0102;PAK-OPP-PRD-0102;IND-OPP-PRD-0102;CHN-OPP-PRD-0102;USA-OPP-PRD-0102;UAE-OPP-PRD-0102
OPP-PRD-0103;PAK-OPP-PRD-0103;IND-OPP-PRD-0103;CHN-OPP-PRD-0103;USA-OPP-PRD-0103;UAE-OPP-PRD-0103
OPP-PRD-0104;PAK-OPP-PRD-0104;IND-OPP-PRD-0104;CHN-OPP-PRD-0104;USA-OPP-PRD-0104;UAE-OPP-PRD-0104
OPP-PRD-0105;PAK-OPP-PRD-0105;IND-OPP-PRD-0105;CHN-OPP-PRD-0105;USA-OPP-PRD-0105;UAE-OPP-PRD-0105
OPP-PRD-0106;PAK-OPP-PRD-0106;IND-OPP-PRD-0106;CHN-OPP-PRD-0106;USA-OPP-PRD-0106;UAE-OPP-PRD-0106
OPP-PRD-0107;PAK-OPP-PRD-0107;IND-OPP-PRD-0107;CHN-OPP-PRD-0107;USA-OPP-PRD-0107;UAE-OPP-PRD-0107
OPP-PRD-0108;PAK-OPP-PRD-0108;IND-OPP-PRD-0108;CHN-OPP-PRD-0108;USA-OPP-PRD-0108;UAE-OPP-PRD-0108
OPP-PRD-0109;PAK-OPP-PRD-0109;IND-OPP-PRD-0109;CHN-OPP-PRD-0109;USA-OPP-PRD-0109;UAE-OPP-PRD-0109
OPP-PRD-0110;PAK-OPP-PRD-0110;IND-OPP-PRD-0110;CHN-OPP-PRD-0110;USA-OPP-PRD-0110;UAE-OPP-PRD-0110
OPP-PRD-0111;PAK-OPP-PRD-0111;IND-OPP-PRD-0111;CHN-OPP-PRD-0111;USA-OPP-PRD-0111;UAE-OPP-PRD-0111
OPP-PRD-0112;PAK-OPP-PRD-0112;IND-OPP-PRD-0112;CHN-OPP-PRD-0112;USA-OPP-PRD-0112;UAE-OPP-PRD-0112
OPP-PRD-0113;PAK-OPP-PRD-0113;IND-OPP-PRD-0113;CHN-OPP-PRD-0113;USA-OPP-PRD-0113;UAE-OPP-PRD-0113
OPP-PRD-0114;PAK-OPP-PRD-0114;IND-OPP-PRD-0114;CHN-OPP-PRD-0114;USA-OPP-PRD-0114;UAE-OPP-PRD-0114
OPP-PRD-0115;PAK-OPP-PRD-0115;IND-OPP-PRD-0115;CHN-OPP-PRD-0115;USA-OPP-PRD-0115;UAE-OPP-PRD-0115
OPP-PRD-0116;PAK-OPP-PRD-0116;IND-OPP-PRD-0116;CHN-OPP-PRD-0116;USA-OPP-PRD-0116;UAE-OPP-PRD-0116
OPP-PRD-0117;PAK-OPP-PRD-0117;IND-OPP-PRD-0117;CHN-OPP-PRD-0117;USA-OPP-PRD-0117;UAE-OPP-PRD-0117
OPP-PRD-0118;PAK-OPP-PRD-0118;IND-OPP-PRD-0118;CHN-OPP-PRD-0118;USA-OPP-PRD-0118;UAE-OPP-PRD-0118
OPP-PRD-0119;PAK-OPP-PRD-0119;IND-OPP-PRD-0119;CHN-OPP-PRD-0119;USA-OPP-PRD-0119;UAE-OPP-PRD-0119
OPP-PRD-0120;PAK-OPP-PRD-0120;IND-OPP-PRD-0120;CHN-OPP-PRD-0120;USA-OPP-PRD-0120;UAE-OPP-PRD-0120
OPP-PRD-0121;PAK-OPP-PRD-0121;IND-OPP-PRD-0121;CHN-OPP-PRD-0121;USA-OPP-PRD-0121;UAE-OPP-PRD-0121
OPP-PRD-0122;PAK-OPP-PRD-0122;IND-OPP-PRD-0122;CHN-OPP-PRD-0122;USA-OPP-PRD-0122;UAE-OPP-PRD-0122
OPP-PRD-0123;PAK-OPP-PRD-0123;IND-OPP-PRD-0123;CHN-OPP-PRD-0123;USA-OPP-PRD-0123;UAE-OPP-PRD-0123
OPP-PRD-0124;PAK-OPP-PRD-0124;IND-OPP-PRD-0124;CHN-OPP-PRD-0124;USA-OPP-PRD-0124;UAE-OPP-PRD-0124
OPP-PRD-0125;PAK-OPP-PRD-0125;IND-OPP-PRD-0125;CHN-OPP-PRD-0125;USA-OPP-PRD-0125;UAE-OPP-PRD-0125
OPP-PRD-0126;PAK-OPP-PRD-0126;IND-OPP-PRD-0126;CHN-OPP-PRD-0126;USA-OPP-PRD-0126;UAE-OPP-PRD-0126
OPP-PRD-0127;PAK-OPP-PRD-0127;IND-OPP-PRD-0127;CHN-OPP-PRD-0127;USA-OPP-PRD-0127;UAE-OPP-PRD-0127
OPP-PRD-0128;PAK-OPP-PRD-0128;IND-OPP-PRD-0128;CHN-OPP-PRD-0128;USA-OPP-PRD-0128;UAE-OPP-PRD-0128
OPP-PRD-0129;PAK-OPP-PRD-0129;IND-OPP-PRD-0129;CHN-OPP-PRD-0129;USA-OPP-PRD-0129;UAE-OPP-PRD-0129
POC-PRD-0001;PAK-POC-PRD-0001;IND-POC-PRD-0001;CHN-POC-PRD-0001;USA-POC-PRD-0001;UAE-POC-PRD-0001
POC-PRD-0002;PAK-POC-PRD-0002;IND-POC-PRD-0002;CHN-POC-PRD-0002;USA-POC-PRD-0002;UAE-POC-PRD-0002
POC-PRD-0003;PAK-POC-PRD-0003;IND-POC-PRD-0003;CHN-POC-PRD-0003;USA-POC-PRD-0003;UAE-POC-PRD-0003
POC-PRD-0004;PAK-POC-PRD-0004;IND-POC-PRD-0004;CHN-POC-PRD-0004;USA-POC-PRD-0004;UAE-POC-PRD-0004
POC-PRD-0005;PAK-POC-PRD-0005;IND-POC-PRD-0005;CHN-POC-PRD-0005;USA-POC-PRD-0005;UAE-POC-PRD-0005
POC-PRD-0006;PAK-POC-PRD-0006;IND-POC-PRD-0006;CHN-POC-PRD-0006;USA-POC-PRD-0006;UAE-POC-PRD-0006
POC-PRD-0007;PAK-POC-PRD-0007;IND-POC-PRD-0007;CHN-POC-PRD-0007;USA-POC-PRD-0007;UAE-POC-PRD-0007
POC-PRD-0008;PAK-POC-PRD-0008;IND-POC-PRD-0008;CHN-POC-PRD-0008;USA-POC-PRD-0008;UAE-POC-PRD-0008
POC-PRD-0009;PAK-POC-PRD-0009;IND-POC-PRD-0009;CHN-POC-PRD-0009;USA-POC-PRD-0009;UAE-POC-PRD-0009
POC-PRD-0010;PAK-POC-PRD-0010;IND-POC-PRD-0010;CHN-POC-PRD-0010;USA-POC-PRD-0010;UAE-POC-PRD-0010
POC-PRD-0011;PAK-POC-PRD-0011;IND-POC-PRD-0011;CHN-POC-PRD-0011;USA-POC-PRD-0011;UAE-POC-PRD-0011
POC-PRD-0012;PAK-POC-PRD-0012;IND-POC-PRD-0012;CHN-POC-PRD-0012;USA-POC-PRD-0012;UAE-POC-PRD-0012
POC-PRD-0013;PAK-POC-PRD-0013;IND-POC-PRD-0013;CHN-POC-PRD-0013;USA-POC-PRD-0013;UAE-POC-PRD-0013
POC-PRD-0014;PAK-POC-PRD-0014;IND-POC-PRD-0014;CHN-POC-PRD-0014;USA-POC-PRD-0014;UAE-POC-PRD-0014
POC-PRD-0015;PAK-POC-PRD-0015;IND-POC-PRD-0015;CHN-POC-PRD-0015;USA-POC-PRD-0015;UAE-POC-PRD-0015
POC-PRD-0016;PAK-POC-PRD-0016;IND-POC-PRD-0016;CHN-POC-PRD-0016;USA-POC-PRD-0016;UAE-POC-PRD-0016
POC-PRD-0017;PAK-POC-PRD-0017;IND-POC-PRD-0017;CHN-POC-PRD-0017;USA-POC-PRD-0017;UAE-POC-PRD-0017
POC-PRD-0018;PAK-POC-PRD-0018;IND-POC-PRD-0018;CHN-POC-PRD-0018;USA-POC-PRD-0018;UAE-POC-PRD-0018
POC-PRD-0019;PAK-POC-PRD-0019;IND-POC-PRD-0019;CHN-POC-PRD-0019;USA-POC-PRD-0019;UAE-POC-PRD-0019
POC-PRD-0020;PAK-POC-PRD-0020;IND-POC-PRD-0020;CHN-POC-PRD-0020;USA-POC-PRD-0020;UAE-POC-PRD-0020
POC-PRD-0021;PAK-POC-PRD-0021;IND-POC-PRD-0021;CHN-POC-PRD-0021;USA-POC-PRD-0021;UAE-POC-PRD-0021
POC-PRD-0022;PAK-POC-PRD-0022;IND-POC-PRD-0022;CHN-POC-PRD-0022;USA-POC-PRD-0022;UAE-POC-PRD-0022
POC-PRD-0023;PAK-POC-PRD-0023;IND-POC-PRD-0023;CHN-POC-PRD-0023;USA-POC-PRD-0023;UAE-POC-PRD-0023
POC-PRD-0024;PAK-POC-PRD-0024;IND-POC-PRD-0024;CHN-POC-PRD-0024;USA-POC-PRD-0024;UAE-POC-PRD-0024
POC-PRD-0025;PAK-POC-PRD-0025;IND-POC-PRD-0025;CHN-POC-PRD-0025;USA-POC-PRD-0025;UAE-POC-PRD-0025
POC-PRD-0026;PAK-POC-PRD-0026;IND-POC-PRD-0026;CHN-POC-PRD-0026;USA-POC-PRD-0026;UAE-POC-PRD-0026
POC-PRD-0027;PAK-POC-PRD-0027;IND-POC-PRD-0027;CHN-POC-PRD-0027;USA-POC-PRD-0027;UAE-POC-PRD-0027
POC-PRD-0028;PAK-POC-PRD-0028;IND-POC-PRD-0028;CHN-POC-PRD-0028;USA-POC-PRD-0028;UAE-POC-PRD-0028
POC-PRD-0029;PAK-POC-PRD-0029;IND-POC-PRD-0029;CHN-POC-PRD-0029;USA-POC-PRD-0029;UAE-POC-PRD-0029
POC-PRD-0030;PAK-POC-PRD-0030;IND-POC-PRD-0030;CHN-POC-PRD-0030;USA-POC-PRD-0030;UAE-POC-PRD-0030
POC-PRD-0031;PAK-POC-PRD-0031;IND-POC-PRD-0031;CHN-POC-PRD-0031;USA-POC-PRD-0031;UAE-POC-PRD-0031
POC-PRD-0032;PAK-POC-PRD-0032;IND-POC-PRD-0032;CHN-POC-PRD-0032;USA-POC-PRD-0032;UAE-POC-PRD-0032
REA-PRD-0001;PAK-REA-PRD-0001;IND-REA-PRD-0001;CHN-REA-PRD-0001;USA-REA-PRD-0001;UAE-REA-PRD-0001
REA-PRD-0002;PAK-REA-PRD-0002;IND-REA-PRD-0002;CHN-REA-PRD-0002;USA-REA-PRD-0002;UAE-REA-PRD-0002
REA-PRD-0003;PAK-REA-PRD-0003;IND-REA-PRD-0003;CHN-REA-PRD-0003;USA-REA-PRD-0003;UAE-REA-PRD-0003
REA-PRD-0004;PAK-REA-PRD-0004;IND-REA-PRD-0004;CHN-REA-PRD-0004;USA-REA-PRD-0004;UAE-REA-PRD-0004
REA-PRD-0005;PAK-REA-PRD-0005;IND-REA-PRD-0005;CHN-REA-PRD-0005;USA-REA-PRD-0005;UAE-REA-PRD-0005
REA-PRD-0006;PAK-REA-PRD-0006;IND-REA-PRD-0006;CHN-REA-PRD-0006;USA-REA-PRD-0006;UAE-REA-PRD-0006
REA-PRD-0007;PAK-REA-PRD-0007;IND-REA-PRD-0007;CHN-REA-PRD-0007;USA-REA-PRD-0007;UAE-REA-PRD-0007
REA-PRD-0008;PAK-REA-PRD-0008;IND-REA-PRD-0008;CHN-REA-PRD-0008;USA-REA-PRD-0008;UAE-REA-PRD-0008
REA-PRD-0009;PAK-REA-PRD-0009;IND-REA-PRD-0009;CHN-REA-PRD-0009;USA-REA-PRD-0009;UAE-REA-PRD-0009
REA-PRD-0010;PAK-REA-PRD-0010;IND-REA-PRD-0010;CHN-REA-PRD-0010;USA-REA-PRD-0010;UAE-REA-PRD-0010
REA-PRD-0011;PAK-REA-PRD-0011;IND-REA-PRD-0011;CHN-REA-PRD-0011;USA-REA-PRD-0011;UAE-REA-PRD-0011
REA-PRD-0012;PAK-REA-PRD-0012;IND-REA-PRD-0012;CHN-REA-PRD-0012;USA-REA-PRD-0012;UAE-REA-PRD-0012
REA-PRD-0013;PAK-REA-PRD-0013;IND-REA-PRD-0013;CHN-REA-PRD-0013;USA-REA-PRD-0013;UAE-REA-PRD-0013
REA-PRD-0014;PAK-REA-PRD-0014;IND-REA-PRD-0014;CHN-REA-PRD-0014;USA-REA-PRD-0014;UAE-REA-PRD-0014
REA-PRD-0015;PAK-REA-PRD-0015;IND-REA-PRD-0015;CHN-REA-PRD-0015;USA-REA-PRD-0015;UAE-REA-PRD-0015
REA-PRD-0016;PAK-REA-PRD-0016;IND-REA-PRD-0016;CHN-REA-PRD-0016;USA-REA-PRD-0016;UAE-REA-PRD-0016
REA-PRD-0017;PAK-REA-PRD-0017;IND-REA-PRD-0017;CHN-REA-PRD-0017;USA-REA-PRD-0017;UAE-REA-PRD-0017
REA-PRD-0018;PAK-REA-PRD-0018;IND-REA-PRD-0018;CHN-REA-PRD-0018;USA-REA-PRD-0018;UAE-REA-PRD-0018
REA-PRD-0019;PAK-REA-PRD-0019;IND-REA-PRD-0019;CHN-REA-PRD-0019;USA-REA-PRD-0019;UAE-REA-PRD-0019
REA-PRD-0020;PAK-REA-PRD-0020;IND-REA-PRD-0020;CHN-REA-PRD-0020;USA-REA-PRD-0020;UAE-REA-PRD-0020
REA-PRD-0021;PAK-REA-PRD-0021;IND-REA-PRD-0021;CHN-REA-PRD-0021;USA-REA-PRD-0021;UAE-REA-PRD-0021
REA-PRD-0022;PAK-REA-PRD-0022;IND-REA-PRD-0022;CHN-REA-PRD-0022;USA-REA-PRD-0022;UAE-REA-PRD-0022
REA-PRD-0023;PAK-REA-PRD-0023;IND-REA-PRD-0023;CHN-REA-PRD-0023;USA-REA-PRD-0023;UAE-REA-PRD-0023
REA-PRD-0024;PAK-REA-PRD-0024;IND-REA-PRD-0024;CHN-REA-PRD-0024;USA-REA-PRD-0024;UAE-REA-PRD-0024
REA-PRD-0025;PAK-REA-PRD-0025;IND-REA-PRD-0025;CHN-REA-PRD-0025;USA-REA-PRD-0025;UAE-REA-PRD-0025
REA-PRD-0026;PAK-REA-PRD-0026;IND-REA-PRD-0026;CHN-REA-PRD-0026;USA-REA-PRD-0026;UAE-REA-PRD-0026
REA-PRD-0027;PAK-REA-PRD-0027;IND-REA-PRD-0027;CHN-REA-PRD-0027;USA-REA-PRD-0027;UAE-REA-PRD-0027
REA-PRD-0028;PAK-REA-PRD-0028;IND-REA-PRD-0028;CHN-REA-PRD-0028;USA-REA-PRD-0028;UAE-REA-PRD-0028
REA-PRD-0029;PAK-REA-PRD-0029;IND-REA-PRD-0029;CHN-REA-PRD-0029;USA-REA-PRD-0029;UAE-REA-PRD-0029
REA-PRD-0030;PAK-REA-PRD-0030;IND-REA-PRD-0030;CHN-REA-PRD-0030;USA-REA-PRD-0030;UAE-REA-PRD-0030
REA-PRD-0031;PAK-REA-PRD-0031;IND-REA-PRD-0031;CHN-REA-PRD-0031;USA-REA-PRD-0031;UAE-REA-PRD-0031
REA-PRD-0032;PAK-REA-PRD-0032;IND-REA-PRD-0032;CHN-REA-PRD-0032;USA-REA-PRD-0032;UAE-REA-PRD-0032
REA-PRD-0033;PAK-REA-PRD-0033;IND-REA-PRD-0033;CHN-REA-PRD-0033;USA-REA-PRD-0033;UAE-REA-PRD-0033
REA-PRD-0034;PAK-REA-PRD-0034;IND-REA-PRD-0034;CHN-REA-PRD-0034;USA-REA-PRD-0034;UAE-REA-PRD-0034
REA-PRD-0035;PAK-REA-PRD-0035;IND-REA-PRD-0035;CHN-REA-PRD-0035;USA-REA-PRD-0035;UAE-REA-PRD-0035
REA-PRD-0036;PAK-REA-PRD-0036;IND-REA-PRD-0036;CHN-REA-PRD-0036;USA-REA-PRD-0036;UAE-REA-PRD-0036
REA-PRD-0037;PAK-REA-PRD-0037;IND-REA-PRD-0037;CHN-REA-PRD-0037;USA-REA-PRD-0037;UAE-REA-PRD-0037
REA-PRD-0038;PAK-REA-PRD-0038;IND-REA-PRD-0038;CHN-REA-PRD-0038;USA-REA-PRD-0038;UAE-REA-PRD-0038
REA-PRD-0039;PAK-REA-PRD-0039;IND-REA-PRD-0039;CHN-REA-PRD-0039;USA-REA-PRD-0039;UAE-REA-PRD-0039
REA-PRD-0040;PAK-REA-PRD-0040;IND-REA-PRD-0040;CHN-REA-PRD-0040;USA-REA-PRD-0040;UAE-REA-PRD-0040
REA-PRD-0041;PAK-REA-PRD-0041;IND-REA-PRD-0041;CHN-REA-PRD-0041;USA-REA-PRD-0041;UAE-REA-PRD-0041
REA-PRD-0042;PAK-REA-PRD-0042;IND-REA-PRD-0042;CHN-REA-PRD-0042;USA-REA-PRD-0042;UAE-REA-PRD-0042
REA-PRD-0043;PAK-REA-PRD-0043;IND-REA-PRD-0043;CHN-REA-PRD-0043;USA-REA-PRD-0043;UAE-REA-PRD-0043
REA-PRD-0044;PAK-REA-PRD-0044;IND-REA-PRD-0044;CHN-REA-PRD-0044;USA-REA-PRD-0044;UAE-REA-PRD-0044
REA-PRD-0045;PAK-REA-PRD-0045;IND-REA-PRD-0045;CHN-REA-PRD-0045;USA-REA-PRD-0045;UAE-REA-PRD-0045
REA-PRD-0046;PAK-REA-PRD-0046;IND-REA-PRD-0046;CHN-REA-PRD-0046;USA-REA-PRD-0046;UAE-REA-PRD-0046
REA-PRD-0047;PAK-REA-PRD-0047;IND-REA-PRD-0047;CHN-REA-PRD-0047;USA-REA-PRD-0047;UAE-REA-PRD-0047
REA-PRD-0048;PAK-REA-PRD-0048;IND-REA-PRD-0048;CHN-REA-PRD-0048;USA-REA-PRD-0048;UAE-REA-PRD-0048
REA-PRD-0049;PAK-REA-PRD-0049;IND-REA-PRD-0049;CHN-REA-PRD-0049;USA-REA-PRD-0049;UAE-REA-PRD-0049
REA-PRD-0050;PAK-REA-PRD-0050;IND-REA-PRD-0050;CHN-REA-PRD-0050;USA-REA-PRD-0050;UAE-REA-PRD-0050
REA-PRD-0051;PAK-REA-PRD-0051;IND-REA-PRD-0051;CHN-REA-PRD-0051;USA-REA-PRD-0051;UAE-REA-PRD-0051
REA-PRD-0052;PAK-REA-PRD-0052;IND-REA-PRD-0052;CHN-REA-PRD-0052;USA-REA-PRD-0052;UAE-REA-PRD-0052
REA-PRD-0053;PAK-REA-PRD-0053;IND-REA-PRD-0053;CHN-REA-PRD-0053;USA-REA-PRD-0053;UAE-REA-PRD-0053
REA-PRD-0054;PAK-REA-PRD-0054;IND-REA-PRD-0054;CHN-REA-PRD-0054;USA-REA-PRD-0054;UAE-REA-PRD-0054
REA-PRD-0055;PAK-REA-PRD-0055;IND-REA-PRD-0055;CHN-REA-PRD-0055;USA-REA-PRD-0055;UAE-REA-PRD-0055
REA-PRD-0056;PAK-REA-PRD-0056;IND-REA-PRD-0056;CHN-REA-PRD-0056;USA-REA-PRD-0056;UAE-REA-PRD-0056
REA-PRD-0057;PAK-REA-PRD-0057;IND-REA-PRD-0057;CHN-REA-PRD-0057;USA-REA-PRD-0057;UAE-REA-PRD-0057
REA-PRD-0058;PAK-REA-PRD-0058;IND-REA-PRD-0058;CHN-REA-PRD-0058;USA-REA-PRD-0058;UAE-REA-PRD-0058
REA-PRD-0059;PAK-REA-PRD-0059;IND-REA-PRD-0059;CHN-REA-PRD-0059;USA-REA-PRD-0059;UAE-REA-PRD-0059
REA-PRD-0060;PAK-REA-PRD-0060;IND-REA-PRD-0060;CHN-REA-PRD-0060;USA-REA-PRD-0060;UAE-REA-PRD-0060
REA-PRD-0061;PAK-REA-PRD-0061;IND-REA-PRD-0061;CHN-REA-PRD-0061;USA-REA-PRD-0061;UAE-REA-PRD-0061
REA-PRD-0062;PAK-REA-PRD-0062;IND-REA-PRD-0062;CHN-REA-PRD-0062;USA-REA-PRD-0062;UAE-REA-PRD-0062
REA-PRD-0063;PAK-REA-PRD-0063;IND-REA-PRD-0063;CHN-REA-PRD-0063;USA-REA-PRD-0063;UAE-REA-PRD-0063
REA-PRD-0064;PAK-REA-PRD-0064;IND-REA-PRD-0064;CHN-REA-PRD-0064;USA-REA-PRD-0064;UAE-REA-PRD-0064
REA-PRD-0065;PAK-REA-PRD-0065;IND-REA-PRD-0065;CHN-REA-PRD-0065;USA-REA-PRD-0065;UAE-REA-PRD-0065
REA-PRD-0066;PAK-REA-PRD-0066;IND-REA-PRD-0066;CHN-REA-PRD-0066;USA-REA-PRD-0066;UAE-REA-PRD-0066
REA-PRD-0067;PAK-REA-PRD-0067;IND-REA-PRD-0067;CHN-REA-PRD-0067;USA-REA-PRD-0067;UAE-REA-PRD-0067
REA-PRD-0068;PAK-REA-PRD-0068;IND-REA-PRD-0068;CHN-REA-PRD-0068;USA-REA-PRD-0068;UAE-REA-PRD-0068
REA-PRD-0069;PAK-REA-PRD-0069;IND-REA-PRD-0069;CHN-REA-PRD-0069;USA-REA-PRD-0069;UAE-REA-PRD-0069
SAM-PRD-0001;PAK-SAM-PRD-0001;IND-SAM-PRD-0001;CHN-SAM-PRD-0001;USA-SAM-PRD-0001;UAE-SAM-PRD-0001
SAM-PRD-0002;PAK-SAM-PRD-0002;IND-SAM-PRD-0002;CHN-SAM-PRD-0002;USA-SAM-PRD-0002;UAE-SAM-PRD-0002
SAM-PRD-0003;PAK-SAM-PRD-0003;IND-SAM-PRD-0003;CHN-SAM-PRD-0003;USA-SAM-PRD-0003;UAE-SAM-PRD-0003
SAM-PRD-0004;PAK-SAM-PRD-0004;IND-SAM-PRD-0004;CHN-SAM-PRD-0004;USA-SAM-PRD-0004;UAE-SAM-PRD-0004
SAM-PRD-0005;PAK-SAM-PRD-0005;IND-SAM-PRD-0005;CHN-SAM-PRD-0005;USA-SAM-PRD-0005;UAE-SAM-PRD-0005
SAM-PRD-0006;PAK-SAM-PRD-0006;IND-SAM-PRD-0006;CHN-SAM-PRD-0006;USA-SAM-PRD-0006;UAE-SAM-PRD-0006
SAM-PRD-0007;PAK-SAM-PRD-0007;IND-SAM-PRD-0007;CHN-SAM-PRD-0007;USA-SAM-PRD-0007;UAE-SAM-PRD-0007
SAM-PRD-0008;PAK-SAM-PRD-0008;IND-SAM-PRD-0008;CHN-SAM-PRD-0008;USA-SAM-PRD-0008;UAE-SAM-PRD-0008
SAM-PRD-0009;PAK-SAM-PRD-0009;IND-SAM-PRD-0009;CHN-SAM-PRD-0009;USA-SAM-PRD-0009;UAE-SAM-PRD-0009
SAM-PRD-0010;PAK-SAM-PRD-0010;IND-SAM-PRD-0010;CHN-SAM-PRD-0010;USA-SAM-PRD-0010;UAE-SAM-PRD-0010
SAM-PRD-0011;PAK-SAM-PRD-0011;IND-SAM-PRD-0011;CHN-SAM-PRD-0011;USA-SAM-PRD-0011;UAE-SAM-PRD-0011
SAM-PRD-0012;PAK-SAM-PRD-0012;IND-SAM-PRD-0012;CHN-SAM-PRD-0012;USA-SAM-PRD-0012;UAE-SAM-PRD-0012
SAM-PRD-0013;PAK-SAM-PRD-0013;IND-SAM-PRD-0013;CHN-SAM-PRD-0013;USA-SAM-PRD-0013;UAE-SAM-PRD-0013
SAM-PRD-0014;PAK-SAM-PRD-0014;IND-SAM-PRD-0014;CHN-SAM-PRD-0014;USA-SAM-PRD-0014;UAE-SAM-PRD-0014
SAM-PRD-0015;PAK-SAM-PRD-0015;IND-SAM-PRD-0015;CHN-SAM-PRD-0015;USA-SAM-PRD-0015;UAE-SAM-PRD-0015
SAM-PRD-0016;PAK-SAM-PRD-0016;IND-SAM-PRD-0016;CHN-SAM-PRD-0016;USA-SAM-PRD-0016;UAE-SAM-PRD-0016
SAM-PRD-0017;PAK-SAM-PRD-0017;IND-SAM-PRD-0017;CHN-SAM-PRD-0017;USA-SAM-PRD-0017;UAE-SAM-PRD-0017
SAM-PRD-0018;PAK-SAM-PRD-0018;IND-SAM-PRD-0018;CHN-SAM-PRD-0018;USA-SAM-PRD-0018;UAE-SAM-PRD-0018
SAM-PRD-0019;PAK-SAM-PRD-0019;IND-SAM-PRD-0019;CHN-SAM-PRD-0019;USA-SAM-PRD-0019;UAE-SAM-PRD-0019
SAM-PRD-0020;PAK-SAM-PRD-0020;IND-SAM-PRD-0020;CHN-SAM-PRD-0020;USA-SAM-PRD-0020;UAE-SAM-PRD-0020
SAM-PRD-0021;PAK-SAM-PRD-0021;IND-SAM-PRD-0021;CHN-SAM-PRD-0021;USA-SAM-PRD-0021;UAE-SAM-PRD-0021
SAM-PRD-0022;PAK-SAM-PRD-0022;IND-SAM-PRD-0022;CHN-SAM-PRD-0022;USA-SAM-PRD-0022;UAE-SAM-PRD-0022
SAM-PRD-0023;PAK-SAM-PRD-0023;IND-SAM-PRD-0023;CHN-SAM-PRD-0023;USA-SAM-PRD-0023;UAE-SAM-PRD-0023
SAM-PRD-0024;PAK-SAM-PRD-0024;IND-SAM-PRD-0024;CHN-SAM-PRD-0024;USA-SAM-PRD-0024;UAE-SAM-PRD-0024
SAM-PRD-0025;PAK-SAM-PRD-0025;IND-SAM-PRD-0025;CHN-SAM-PRD-0025;USA-SAM-PRD-0025;UAE-SAM-PRD-0025
SAM-PRD-0026;PAK-SAM-PRD-0026;IND-SAM-PRD-0026;CHN-SAM-PRD-0026;USA-SAM-PRD-0026;UAE-SAM-PRD-0026
SAM-PRD-0027;PAK-SAM-PRD-0027;IND-SAM-PRD-0027;CHN-SAM-PRD-0027;USA-SAM-PRD-0027;UAE-SAM-PRD-0027
SAM-PRD-0028;PAK-SAM-PRD-0028;IND-SAM-PRD-0028;CHN-SAM-PRD-0028;USA-SAM-PRD-0028;UAE-SAM-PRD-0028
SAM-PRD-0029;PAK-SAM-PRD-0029;IND-SAM-PRD-0029;CHN-SAM-PRD-0029;USA-SAM-PRD-0029;UAE-SAM-PRD-0029
SAM-PRD-0030;PAK-SAM-PRD-0030;IND-SAM-PRD-0030;CHN-SAM-PRD-0030;USA-SAM-PRD-0030;UAE-SAM-PRD-0030
SAM-PRD-0031;PAK-SAM-PRD-0031;IND-SAM-PRD-0031;CHN-SAM-PRD-0031;USA-SAM-PRD-0031;UAE-SAM-PRD-0031
SAM-PRD-0032;PAK-SAM-PRD-0032;IND-SAM-PRD-0032;CHN-SAM-PRD-0032;USA-SAM-PRD-0032;UAE-SAM-PRD-0032
SAM-PRD-0033;PAK-SAM-PRD-0033;IND-SAM-PRD-0033;CHN-SAM-PRD-0033;USA-SAM-PRD-0033;UAE-SAM-PRD-0033
SAM-PRD-0034;PAK-SAM-PRD-0034;IND-SAM-PRD-0034;CHN-SAM-PRD-0034;USA-SAM-PRD-0034;UAE-SAM-PRD-0034
SAM-PRD-0035;PAK-SAM-PRD-0035;IND-SAM-PRD-0035;CHN-SAM-PRD-0035;USA-SAM-PRD-0035;UAE-SAM-PRD-0035
SAM-PRD-0036;PAK-SAM-PRD-0036;IND-SAM-PRD-0036;CHN-SAM-PRD-0036;USA-SAM-PRD-0036;UAE-SAM-PRD-0036
SAM-PRD-0037;PAK-SAM-PRD-0037;IND-SAM-PRD-0037;CHN-SAM-PRD-0037;USA-SAM-PRD-0037;UAE-SAM-PRD-0037
SAM-PRD-0038;PAK-SAM-PRD-0038;IND-SAM-PRD-0038;CHN-SAM-PRD-0038;USA-SAM-PRD-0038;UAE-SAM-PRD-0038
SAM-PRD-0039;PAK-SAM-PRD-0039;IND-SAM-PRD-0039;CHN-SAM-PRD-0039;USA-SAM-PRD-0039;UAE-SAM-PRD-0039
SAM-PRD-0040;PAK-SAM-PRD-0040;IND-SAM-PRD-0040;CHN-SAM-PRD-0040;USA-SAM-PRD-0040;UAE-SAM-PRD-0040
SAM-PRD-0041;PAK-SAM-PRD-0041;IND-SAM-PRD-0041;CHN-SAM-PRD-0041;USA-SAM-PRD-0041;UAE-SAM-PRD-0041
SAM-PRD-0042;PAK-SAM-PRD-0042;IND-SAM-PRD-0042;CHN-SAM-PRD-0042;USA-SAM-PRD-0042;UAE-SAM-PRD-0042
SAM-PRD-0043;PAK-SAM-PRD-0043;IND-SAM-PRD-0043;CHN-SAM-PRD-0043;USA-SAM-PRD-0043;UAE-SAM-PRD-0043
SAM-PRD-0044;PAK-SAM-PRD-0044;IND-SAM-PRD-0044;CHN-SAM-PRD-0044;USA-SAM-PRD-0044;UAE-SAM-PRD-0044
SAM-PRD-0045;PAK-SAM-PRD-0045;IND-SAM-PRD-0045;CHN-SAM-PRD-0045;USA-SAM-PRD-0045;UAE-SAM-PRD-0045
SAM-PRD-0046;PAK-SAM-PRD-0046;IND-SAM-PRD-0046;CHN-SAM-PRD-0046;USA-SAM-PRD-0046;UAE-SAM-PRD-0046
SAM-PRD-0047;PAK-SAM-PRD-0047;IND-SAM-PRD-0047;CHN-SAM-PRD-0047;USA-SAM-PRD-0047;UAE-SAM-PRD-0047
SAM-PRD-0048;PAK-SAM-PRD-0048;IND-SAM-PRD-0048;CHN-SAM-PRD-0048;USA-SAM-PRD-0048;UAE-SAM-PRD-0048
SAM-PRD-0049;PAK-SAM-PRD-0049;IND-SAM-PRD-0049;CHN-SAM-PRD-0049;USA-SAM-PRD-0049;UAE-SAM-PRD-0049
SAM-PRD-0050;PAK-SAM-PRD-0050;IND-SAM-PRD-0050;CHN-SAM-PRD-0050;USA-SAM-PRD-0050;UAE-SAM-PRD-0050
SAM-PRD-0051;PAK-SAM-PRD-0051;IND-SAM-PRD-0051;CHN-SAM-PRD-0051;USA-SAM-PRD-0051;UAE-SAM-PRD-0051
SAM-PRD-0052;PAK-SAM-PRD-0052;IND-SAM-PRD-0052;CHN-SAM-PRD-0052;USA-SAM-PRD-0052;UAE-SAM-PRD-0052
SAM-PRD-0053;PAK-SAM-PRD-0053;IND-SAM-PRD-0053;CHN-SAM-PRD-0053;USA-SAM-PRD-0053;UAE-SAM-PRD-0053
SAM-PRD-0054;PAK-SAM-PRD-0054;IND-SAM-PRD-0054;CHN-SAM-PRD-0054;USA-SAM-PRD-0054;UAE-SAM-PRD-0054
SAM-PRD-0055;PAK-SAM-PRD-0055;IND-SAM-PRD-0055;CHN-SAM-PRD-0055;USA-SAM-PRD-0055;UAE-SAM-PRD-0055
SAM-PRD-0056;PAK-SAM-PRD-0056;IND-SAM-PRD-0056;CHN-SAM-PRD-0056;USA-SAM-PRD-0056;UAE-SAM-PRD-0056
SAM-PRD-0057;PAK-SAM-PRD-0057;IND-SAM-PRD-0057;CHN-SAM-PRD-0057;USA-SAM-PRD-0057;UAE-SAM-PRD-0057
SAM-PRD-0058;PAK-SAM-PRD-0058;IND-SAM-PRD-0058;CHN-SAM-PRD-0058;USA-SAM-PRD-0058;UAE-SAM-PRD-0058
SAM-PRD-0059;PAK-SAM-PRD-0059;IND-SAM-PRD-0059;CHN-SAM-PRD-0059;USA-SAM-PRD-0059;UAE-SAM-PRD-0059
SAM-PRD-0060;PAK-SAM-PRD-0060;IND-SAM-PRD-0060;CHN-SAM-PRD-0060;USA-SAM-PRD-0060;UAE-SAM-PRD-0060
SAM-PRD-0061;PAK-SAM-PRD-0061;IND-SAM-PRD-0061;CHN-SAM-PRD-0061;USA-SAM-PRD-0061;UAE-SAM-PRD-0061
SAM-PRD-0062;PAK-SAM-PRD-0062;IND-SAM-PRD-0062;CHN-SAM-PRD-0062;USA-SAM-PRD-0062;UAE-SAM-PRD-0062
SAM-PRD-0063;PAK-SAM-PRD-0063;IND-SAM-PRD-0063;CHN-SAM-PRD-0063;USA-SAM-PRD-0063;UAE-SAM-PRD-0063
SAM-PRD-0064;PAK-SAM-PRD-0064;IND-SAM-PRD-0064;CHN-SAM-PRD-0064;USA-SAM-PRD-0064;UAE-SAM-PRD-0064
SAM-PRD-0065;PAK-SAM-PRD-0065;IND-SAM-PRD-0065;CHN-SAM-PRD-0065;USA-SAM-PRD-0065;UAE-SAM-PRD-0065
SAM-PRD-0066;PAK-SAM-PRD-0066;IND-SAM-PRD-0066;CHN-SAM-PRD-0066;USA-SAM-PRD-0066;UAE-SAM-PRD-0066
SAM-PRD-0067;PAK-SAM-PRD-0067;IND-SAM-PRD-0067;CHN-SAM-PRD-0067;USA-SAM-PRD-0067;UAE-SAM-PRD-0067
SAM-PRD-0068;PAK-SAM-PRD-0068;IND-SAM-PRD-0068;CHN-SAM-PRD-0068;USA-SAM-PRD-0068;UAE-SAM-PRD-0068
SAM-PRD-0069;PAK-SAM-PRD-0069;IND-SAM-PRD-0069;CHN-SAM-PRD-0069;USA-SAM-PRD-0069;UAE-SAM-PRD-0069
SAM-PRD-0070;PAK-SAM-PRD-0070;IND-SAM-PRD-0070;CHN-SAM-PRD-0070;USA-SAM-PRD-0070;UAE-SAM-PRD-0070
SAM-PRD-0071;PAK-SAM-PRD-0071;IND-SAM-PRD-0071;CHN-SAM-PRD-0071;USA-SAM-PRD-0071;UAE-SAM-PRD-0071
SAM-PRD-0072;PAK-SAM-PRD-0072;IND-SAM-PRD-0072;CHN-SAM-PRD-0072;USA-SAM-PRD-0072;UAE-SAM-PRD-0072
SAM-PRD-0073;PAK-SAM-PRD-0073;IND-SAM-PRD-0073;CHN-SAM-PRD-0073;USA-SAM-PRD-0073;UAE-SAM-PRD-0073
SAM-PRD-0074;PAK-SAM-PRD-0074;IND-SAM-PRD-0074;CHN-SAM-PRD-0074;USA-SAM-PRD-0074;UAE-SAM-PRD-0074
SAM-PRD-0075;PAK-SAM-PRD-0075;IND-SAM-PRD-0075;CHN-SAM-PRD-0075;USA-SAM-PRD-0075;UAE-SAM-PRD-0075
SAM-PRD-0076;PAK-SAM-PRD-0076;IND-SAM-PRD-0076;CHN-SAM-PRD-0076;USA-SAM-PRD-0076;UAE-SAM-PRD-0076
SAM-PRD-0077;PAK-SAM-PRD-0077;IND-SAM-PRD-0077;CHN-SAM-PRD-0077;USA-SAM-PRD-0077;UAE-SAM-PRD-0077
SAM-PRD-0078;PAK-SAM-PRD-0078;IND-SAM-PRD-0078;CHN-SAM-PRD-0078;USA-SAM-PRD-0078;UAE-SAM-PRD-0078
SAM-PRD-0079;PAK-SAM-PRD-0079;IND-SAM-PRD-0079;CHN-SAM-PRD-0079;USA-SAM-PRD-0079;UAE-SAM-PRD-0079
SAM-PRD-0080;PAK-SAM-PRD-0080;IND-SAM-PRD-0080;CHN-SAM-PRD-0080;USA-SAM-PRD-0080;UAE-SAM-PRD-0080
SAM-PRD-0081;PAK-SAM-PRD-0081;IND-SAM-PRD-0081;CHN-SAM-PRD-0081;USA-SAM-PRD-0081;UAE-SAM-PRD-0081
SAM-PRD-0082;PAK-SAM-PRD-0082;IND-SAM-PRD-0082;CHN-SAM-PRD-0082;USA-SAM-PRD-0082;UAE-SAM-PRD-0082
SAM-PRD-0083;PAK-SAM-PRD-0083;IND-SAM-PRD-0083;CHN-SAM-PRD-0083;USA-SAM-PRD-0083;UAE-SAM-PRD-0083
SAM-PRD-0084;PAK-SAM-PRD-0084;IND-SAM-PRD-0084;CHN-SAM-PRD-0084;USA-SAM-PRD-0084;UAE-SAM-PRD-0084
SAM-PRD-0085;PAK-SAM-PRD-0085;IND-SAM-PRD-0085;CHN-SAM-PRD-0085;USA-SAM-PRD-0085;UAE-SAM-PRD-0085
SAM-PRD-0086;PAK-SAM-PRD-0086;IND-SAM-PRD-0086;CHN-SAM-PRD-0086;USA-SAM-PRD-0086;UAE-SAM-PRD-0086
SAM-PRD-0087;PAK-SAM-PRD-0087;IND-SAM-PRD-0087;CHN-SAM-PRD-0087;USA-SAM-PRD-0087;UAE-SAM-PRD-0087
SAM-PRD-0088;PAK-SAM-PRD-0088;IND-SAM-PRD-0088;CHN-SAM-PRD-0088;USA-SAM-PRD-0088;UAE-SAM-PRD-0088
SON-PRD-0001;PAK-SON-PRD-0001;IND-SON-PRD-0001;CHN-SON-PRD-0001;USA-SON-PRD-0001;UAE-SON-PRD-0001
SON-PRD-0002;PAK-SON-PRD-0002;IND-SON-PRD-0002;CHN-SON-PRD-0002;USA-SON-PRD-0002;UAE-SON-PRD-0002
SON-PRD-0003;PAK-SON-PRD-0003;IND-SON-PRD-0003;CHN-SON-PRD-0003;USA-SON-PRD-0003;UAE-SON-PRD-0003
SON-PRD-0004;PAK-SON-PRD-0004;IND-SON-PRD-0004;CHN-SON-PRD-0004;USA-SON-PRD-0004;UAE-SON-PRD-0004
SON-PRD-0005;PAK-SON-PRD-0005;IND-SON-PRD-0005;CHN-SON-PRD-0005;USA-SON-PRD-0005;UAE-SON-PRD-0005
SON-PRD-0006;PAK-SON-PRD-0006;IND-SON-PRD-0006;CHN-SON-PRD-0006;USA-SON-PRD-0006;UAE-SON-PRD-0006
SON-PRD-0007;PAK-SON-PRD-0007;IND-SON-PRD-0007;CHN-SON-PRD-0007;USA-SON-PRD-0007;UAE-SON-PRD-0007
SON-PRD-0008;PAK-SON-PRD-0008;IND-SON-PRD-0008;CHN-SON-PRD-0008;USA-SON-PRD-0008;UAE-SON-PRD-0008
SON-PRD-0009;PAK-SON-PRD-0009;IND-SON-PRD-0009;CHN-SON-PRD-0009;USA-SON-PRD-0009;UAE-SON-PRD-0009
TEC-PRD-0001;PAK-TEC-PRD-0001;IND-TEC-PRD-0001;CHN-TEC-PRD-0001;USA-TEC-PRD-0001;UAE-TEC-PRD-0001
TEC-PRD-0002;PAK-TEC-PRD-0002;IND-TEC-PRD-0002;CHN-TEC-PRD-0002;USA-TEC-PRD-0002;UAE-TEC-PRD-0002
TEC-PRD-0003;PAK-TEC-PRD-0003;IND-TEC-PRD-0003;CHN-TEC-PRD-0003;USA-TEC-PRD-0003;UAE-TEC-PRD-0003
TEC-PRD-0004;PAK-TEC-PRD-0004;IND-TEC-PRD-0004;CHN-TEC-PRD-0004;USA-TEC-PRD-0004;UAE-TEC-PRD-0004
TEC-PRD-0005;PAK-TEC-PRD-0005;IND-TEC-PRD-0005;CHN-TEC-PRD-0005;USA-TEC-PRD-0005;UAE-TEC-PRD-0005
TEC-PRD-0006;PAK-TEC-PRD-0006;IND-TEC-PRD-0006;CHN-TEC-PRD-0006;USA-TEC-PRD-0006;UAE-TEC-PRD-0006
TEC-PRD-0007;PAK-TEC-PRD-0007;IND-TEC-PRD-0007;CHN-TEC-PRD-0007;USA-TEC-PRD-0007;UAE-TEC-PRD-0007
TEC-PRD-0008;PAK-TEC-PRD-0008;IND-TEC-PRD-0008;CHN-TEC-PRD-0008;USA-TEC-PRD-0008;UAE-TEC-PRD-0008
TEC-PRD-0009;PAK-TEC-PRD-0009;IND-TEC-PRD-0009;CHN-TEC-PRD-0009;USA-TEC-PRD-0009;UAE-TEC-PRD-0009
TEC-PRD-0010;PAK-TEC-PRD-0010;IND-TEC-PRD-0010;CHN-TEC-PRD-0010;USA-TEC-PRD-0010;UAE-TEC-PRD-0010
TEC-PRD-0011;PAK-TEC-PRD-0011;IND-TEC-PRD-0011;CHN-TEC-PRD-0011;USA-TEC-PRD-0011;UAE-TEC-PRD-0011
TEC-PRD-0012;PAK-TEC-PRD-0012;IND-TEC-PRD-0012;CHN-TEC-PRD-0012;USA-TEC-PRD-0012;UAE-TEC-PRD-0012
TEC-PRD-0013;PAK-TEC-PRD-0013;IND-TEC-PRD-0013;CHN-TEC-PRD-0013;USA-TEC-PRD-0013;UAE-TEC-PRD-0013
TEC-PRD-0014;PAK-TEC-PRD-0014;IND-TEC-PRD-0014;CHN-TEC-PRD-0014;USA-TEC-PRD-0014;UAE-TEC-PRD-0014
TEC-PRD-0015;PAK-TEC-PRD-0015;IND-TEC-PRD-0015;CHN-TEC-PRD-0015;USA-TEC-PRD-0015;UAE-TEC-PRD-0015
TEC-PRD-0016;PAK-TEC-PRD-0016;IND-TEC-PRD-0016;CHN-TEC-PRD-0016;USA-TEC-PRD-0016;UAE-TEC-PRD-0016
TEC-PRD-0017;PAK-TEC-PRD-0017;IND-TEC-PRD-0017;CHN-TEC-PRD-0017;USA-TEC-PRD-0017;UAE-TEC-PRD-0017
TEC-PRD-0018;PAK-TEC-PRD-0018;IND-TEC-PRD-0018;CHN-TEC-PRD-0018;USA-TEC-PRD-0018;UAE-TEC-PRD-0018
TEC-PRD-0019;PAK-TEC-PRD-0019;IND-TEC-PRD-0019;CHN-TEC-PRD-0019;USA-TEC-PRD-0019;UAE-TEC-PRD-0019
TEC-PRD-0020;PAK-TEC-PRD-0020;IND-TEC-PRD-0020;CHN-TEC-PRD-0020;USA-TEC-PRD-0020;UAE-TEC-PRD-0020
TEC-PRD-0021;PAK-TEC-PRD-0021;IND-TEC-PRD-0021;CHN-TEC-PRD-0021;USA-TEC-PRD-0021;UAE-TEC-PRD-0021
TEC-PRD-0022;PAK-TEC-PRD-0022;IND-TEC-PRD-0022;CHN-TEC-PRD-0022;USA-TEC-PRD-0022;UAE-TEC-PRD-0022
TEC-PRD-0023;PAK-TEC-PRD-0023;IND-TEC-PRD-0023;CHN-TEC-PRD-0023;USA-TEC-PRD-0023;UAE-TEC-PRD-0023
TEC-PRD-0024;PAK-TEC-PRD-0024;IND-TEC-PRD-0024;CHN-TEC-PRD-0024;USA-TEC-PRD-0024;UAE-TEC-PRD-0024
TEC-PRD-0025;PAK-TEC-PRD-0025;IND-TEC-PRD-0025;CHN-TEC-PRD-0025;USA-TEC-PRD-0025;UAE-TEC-PRD-0025
TEC-PRD-0026;PAK-TEC-PRD-0026;IND-TEC-PRD-0026;CHN-TEC-PRD-0026;USA-TEC-PRD-0026;UAE-TEC-PRD-0026
TEC-PRD-0027;PAK-TEC-PRD-0027;IND-TEC-PRD-0027;CHN-TEC-PRD-0027;USA-TEC-PRD-0027;UAE-TEC-PRD-0027
TEC-PRD-0028;PAK-TEC-PRD-0028;IND-TEC-PRD-0028;CHN-TEC-PRD-0028;USA-TEC-PRD-0028;UAE-TEC-PRD-0028
TEC-PRD-0029;PAK-TEC-PRD-0029;IND-TEC-PRD-0029;CHN-TEC-PRD-0029;USA-TEC-PRD-0029;UAE-TEC-PRD-0029
TEC-PRD-0030;PAK-TEC-PRD-0030;IND-TEC-PRD-0030;CHN-TEC-PRD-0030;USA-TEC-PRD-0030;UAE-TEC-PRD-0030
TEC-PRD-0031;PAK-TEC-PRD-0031;IND-TEC-PRD-0031;CHN-TEC-PRD-0031;USA-TEC-PRD-0031;UAE-TEC-PRD-0031
TEC-PRD-0032;PAK-TEC-PRD-0032;IND-TEC-PRD-0032;CHN-TEC-PRD-0032;USA-TEC-PRD-0032;UAE-TEC-PRD-0032
TEC-PRD-0033;PAK-TEC-PRD-0033;IND-TEC-PRD-0033;CHN-TEC-PRD-0033;USA-TEC-PRD-0033;UAE-TEC-PRD-0033
TEC-PRD-0034;PAK-TEC-PRD-0034;IND-TEC-PRD-0034;CHN-TEC-PRD-0034;USA-TEC-PRD-0034;UAE-TEC-PRD-0034
TEC-PRD-0035;PAK-TEC-PRD-0035;IND-TEC-PRD-0035;CHN-TEC-PRD-0035;USA-TEC-PRD-0035;UAE-TEC-PRD-0035
TEC-PRD-0036;PAK-TEC-PRD-0036;IND-TEC-PRD-0036;CHN-TEC-PRD-0036;USA-TEC-PRD-0036;UAE-TEC-PRD-0036
TEC-PRD-0037;PAK-TEC-PRD-0037;IND-TEC-PRD-0037;CHN-TEC-PRD-0037;USA-TEC-PRD-0037;UAE-TEC-PRD-0037
TEC-PRD-0038;PAK-TEC-PRD-0038;IND-TEC-PRD-0038;CHN-TEC-PRD-0038;USA-TEC-PRD-0038;UAE-TEC-PRD-0038
TEC-PRD-0039;PAK-TEC-PRD-0039;IND-TEC-PRD-0039;CHN-TEC-PRD-0039;USA-TEC-PRD-0039;UAE-TEC-PRD-0039
VIV-PRD-0001;PAK-VIV-PRD-0001;IND-VIV-PRD-0001;CHN-VIV-PRD-0001;USA-VIV-PRD-0001;UAE-VIV-PRD-0001
VIV-PRD-0002;PAK-VIV-PRD-0002;IND-VIV-PRD-0002;CHN-VIV-PRD-0002;USA-VIV-PRD-0002;UAE-VIV-PRD-0002
VIV-PRD-0003;PAK-VIV-PRD-0003;IND-VIV-PRD-0003;CHN-VIV-PRD-0003;USA-VIV-PRD-0003;UAE-VIV-PRD-0003
VIV-PRD-0004;PAK-VIV-PRD-0004;IND-VIV-PRD-0004;CHN-VIV-PRD-0004;USA-VIV-PRD-0004;UAE-VIV-PRD-0004
VIV-PRD-0005;PAK-VIV-PRD-0005;IND-VIV-PRD-0005;CHN-VIV-PRD-0005;USA-VIV-PRD-0005;UAE-VIV-PRD-0005
VIV-PRD-0006;PAK-VIV-PRD-0006;IND-VIV-PRD-0006;CHN-VIV-PRD-0006;USA-VIV-PRD-0006;UAE-VIV-PRD-0006
VIV-PRD-0007;PAK-VIV-PRD-0007;IND-VIV-PRD-0007;CHN-VIV-PRD-0007;USA-VIV-PRD-0007;UAE-VIV-PRD-0007
VIV-PRD-0008;PAK-VIV-PRD-0008;IND-VIV-PRD-0008;CHN-VIV-PRD-0008;USA-VIV-PRD-0008;UAE-VIV-PRD-0008
VIV-PRD-0009;PAK-VIV-PRD-0009;IND-VIV-PRD-0009;CHN-VIV-PRD-0009;USA-VIV-PRD-0009;UAE-VIV-PRD-0009
VIV-PRD-0010;PAK-VIV-PRD-0010;IND-VIV-PRD-0010;CHN-VIV-PRD-0010;USA-VIV-PRD-0010;UAE-VIV-PRD-0010
VIV-PRD-0011;PAK-VIV-PRD-0011;IND-VIV-PRD-0011;CHN-VIV-PRD-0011;USA-VIV-PRD-0011;UAE-VIV-PRD-0011
VIV-PRD-0012;PAK-VIV-PRD-0012;IND-VIV-PRD-0012;CHN-VIV-PRD-0012;USA-VIV-PRD-0012;UAE-VIV-PRD-0012
VIV-PRD-0013;PAK-VIV-PRD-0013;IND-VIV-PRD-0013;CHN-VIV-PRD-0013;USA-VIV-PRD-0013;UAE-VIV-PRD-0013
VIV-PRD-0014;PAK-VIV-PRD-0014;IND-VIV-PRD-0014;CHN-VIV-PRD-0014;USA-VIV-PRD-0014;UAE-VIV-PRD-0014
VIV-PRD-0015;PAK-VIV-PRD-0015;IND-VIV-PRD-0015;CHN-VIV-PRD-0015;USA-VIV-PRD-0015;UAE-VIV-PRD-0015
VIV-PRD-0016;PAK-VIV-PRD-0016;IND-VIV-PRD-0016;CHN-VIV-PRD-0016;USA-VIV-PRD-0016;UAE-VIV-PRD-0016
VIV-PRD-0017;PAK-VIV-PRD-0017;IND-VIV-PRD-0017;CHN-VIV-PRD-0017;USA-VIV-PRD-0017;UAE-VIV-PRD-0017
VIV-PRD-0018;PAK-VIV-PRD-0018;IND-VIV-PRD-0018;CHN-VIV-PRD-0018;USA-VIV-PRD-0018;UAE-VIV-PRD-0018
VIV-PRD-0019;PAK-VIV-PRD-0019;IND-VIV-PRD-0019;CHN-VIV-PRD-0019;USA-VIV-PRD-0019;UAE-VIV-PRD-0019
VIV-PRD-0020;PAK-VIV-PRD-0020;IND-VIV-PRD-0020;CHN-VIV-PRD-0020;USA-VIV-PRD-0020;UAE-VIV-PRD-0020
VIV-PRD-0021;PAK-VIV-PRD-0021;IND-VIV-PRD-0021;CHN-VIV-PRD-0021;USA-VIV-PRD-0021;UAE-VIV-PRD-0021
VIV-PRD-0022;PAK-VIV-PRD-0022;IND-VIV-PRD-0022;CHN-VIV-PRD-0022;USA-VIV-PRD-0022;UAE-VIV-PRD-0022
VIV-PRD-0023;PAK-VIV-PRD-0023;IND-VIV-PRD-0023;CHN-VIV-PRD-0023;USA-VIV-PRD-0023;UAE-VIV-PRD-0023
VIV-PRD-0024;PAK-VIV-PRD-0024;IND-VIV-PRD-0024;CHN-VIV-PRD-0024;USA-VIV-PRD-0024;UAE-VIV-PRD-0024
VIV-PRD-0025;PAK-VIV-PRD-0025;IND-VIV-PRD-0025;CHN-VIV-PRD-0025;USA-VIV-PRD-0025;UAE-VIV-PRD-0025
VIV-PRD-0026;PAK-VIV-PRD-0026;IND-VIV-PRD-0026;CHN-VIV-PRD-0026;USA-VIV-PRD-0026;UAE-VIV-PRD-0026
VIV-PRD-0027;PAK-VIV-PRD-0027;IND-VIV-PRD-0027;CHN-VIV-PRD-0027;USA-VIV-PRD-0027;UAE-VIV-PRD-0027
VIV-PRD-0028;PAK-VIV-PRD-0028;IND-VIV-PRD-0028;CHN-VIV-PRD-0028;USA-VIV-PRD-0028;UAE-VIV-PRD-0028
VIV-PRD-0029;PAK-VIV-PRD-0029;IND-VIV-PRD-0029;CHN-VIV-PRD-0029;USA-VIV-PRD-0029;UAE-VIV-PRD-0029
VIV-PRD-0030;PAK-VIV-PRD-0030;IND-VIV-PRD-0030;CHN-VIV-PRD-0030;USA-VIV-PRD-0030;UAE-VIV-PRD-0030
VIV-PRD-0031;PAK-VIV-PRD-0031;IND-VIV-PRD-0031;CHN-VIV-PRD-0031;USA-VIV-PRD-0031;UAE-VIV-PRD-0031
VIV-PRD-0032;PAK-VIV-PRD-0032;IND-VIV-PRD-0032;CHN-VIV-PRD-0032;USA-VIV-PRD-0032;UAE-VIV-PRD-0032
VIV-PRD-0033;PAK-VIV-PRD-0033;IND-VIV-PRD-0033;CHN-VIV-PRD-0033;USA-VIV-PRD-0033;UAE-VIV-PRD-0033
VIV-PRD-0034;PAK-VIV-PRD-0034;IND-VIV-PRD-0034;CHN-VIV-PRD-0034;USA-VIV-PRD-0034;UAE-VIV-PRD-0034
VIV-PRD-0035;PAK-VIV-PRD-0035;IND-VIV-PRD-0035;CHN-VIV-PRD-0035;USA-VIV-PRD-0035;UAE-VIV-PRD-0035
VIV-PRD-0036;PAK-VIV-PRD-0036;IND-VIV-PRD-0036;CHN-VIV-PRD-0036;USA-VIV-PRD-0036;UAE-VIV-PRD-0036
VIV-PRD-0037;PAK-VIV-PRD-0037;IND-VIV-PRD-0037;CHN-VIV-PRD-0037;USA-VIV-PRD-0037;UAE-VIV-PRD-0037
VIV-PRD-0038;PAK-VIV-PRD-0038;IND-VIV-PRD-0038;CHN-VIV-PRD-0038;USA-VIV-PRD-0038;UAE-VIV-PRD-0038
VIV-PRD-0039;PAK-VIV-PRD-0039;IND-VIV-PRD-0039;CHN-VIV-PRD-0039;USA-VIV-PRD-0039;UAE-VIV-PRD-0039
VIV-PRD-0040;PAK-VIV-PRD-0040;IND-VIV-PRD-0040;CHN-VIV-PRD-0040;USA-VIV-PRD-0040;UAE-VIV-PRD-0040
VIV-PRD-0041;PAK-VIV-PRD-0041;IND-VIV-PRD-0041;CHN-VIV-PRD-0041;USA-VIV-PRD-0041;UAE-VIV-PRD-0041
VIV-PRD-0042;PAK-VIV-PRD-0042;IND-VIV-PRD-0042;CHN-VIV-PRD-0042;USA-VIV-PRD-0042;UAE-VIV-PRD-0042
VIV-PRD-0043;PAK-VIV-PRD-0043;IND-VIV-PRD-0043;CHN-VIV-PRD-0043;USA-VIV-PRD-0043;UAE-VIV-PRD-0043
VIV-PRD-0044;PAK-VIV-PRD-0044;IND-VIV-PRD-0044;CHN-VIV-PRD-0044;USA-VIV-PRD-0044;UAE-VIV-PRD-0044
VIV-PRD-0045;PAK-VIV-PRD-0045;IND-VIV-PRD-0045;CHN-VIV-PRD-0045;USA-VIV-PRD-0045;UAE-VIV-PRD-0045
VIV-PRD-0046;PAK-VIV-PRD-0046;IND-VIV-PRD-0046;CHN-VIV-PRD-0046;USA-VIV-PRD-0046;UAE-VIV-PRD-0046
VIV-PRD-0047;PAK-VIV-PRD-0047;IND-VIV-PRD-0047;CHN-VIV-PRD-0047;USA-VIV-PRD-0047;UAE-VIV-PRD-0047
VIV-PRD-0048;PAK-VIV-PRD-0048;IND-VIV-PRD-0048;CHN-VIV-PRD-0048;USA-VIV-PRD-0048;UAE-VIV-PRD-0048
VIV-PRD-0049;PAK-VIV-PRD-0049;IND-VIV-PRD-0049;CHN-VIV-PRD-0049;USA-VIV-PRD-0049;UAE-VIV-PRD-0049
VIV-PRD-0050;PAK-VIV-PRD-0050;IND-VIV-PRD-0050;CHN-VIV-PRD-0050;USA-VIV-PRD-0050;UAE-VIV-PRD-0050
VIV-PRD-0051;PAK-VIV-PRD-0051;IND-VIV-PRD-0051;CHN-VIV-PRD-0051;USA-VIV-PRD-0051;UAE-VIV-PRD-0051
VIV-PRD-0052;PAK-VIV-PRD-0052;IND-VIV-PRD-0052;CHN-VIV-PRD-0052;USA-VIV-PRD-0052;UAE-VIV-PRD-0052
VIV-PRD-0053;PAK-VIV-PRD-0053;IND-VIV-PRD-0053;CHN-VIV-PRD-0053;USA-VIV-PRD-0053;UAE-VIV-PRD-0053
VIV-PRD-0054;PAK-VIV-PRD-0054;IND-VIV-PRD-0054;CHN-VIV-PRD-0054;USA-VIV-PRD-0054;UAE-VIV-PRD-0054
VIV-PRD-0055;PAK-VIV-PRD-0055;IND-VIV-PRD-0055;CHN-VIV-PRD-0055;USA-VIV-PRD-0055;UAE-VIV-PRD-0055
VIV-PRD-0056;PAK-VIV-PRD-0056;IND-VIV-PRD-0056;CHN-VIV-PRD-0056;USA-VIV-PRD-0056;UAE-VIV-PRD-0056
VIV-PRD-0057;PAK-VIV-PRD-0057;IND-VIV-PRD-0057;CHN-VIV-PRD-0057;USA-VIV-PRD-0057;UAE-VIV-PRD-0057
VIV-PRD-0058;PAK-VIV-PRD-0058;IND-VIV-PRD-0058;CHN-VIV-PRD-0058;USA-VIV-PRD-0058;UAE-VIV-PRD-0058
VIV-PRD-0059;PAK-VIV-PRD-0059;IND-VIV-PRD-0059;CHN-VIV-PRD-0059;USA-VIV-PRD-0059;UAE-VIV-PRD-0059
VIV-PRD-0060;PAK-VIV-PRD-0060;IND-VIV-PRD-0060;CHN-VIV-PRD-0060;USA-VIV-PRD-0060;UAE-VIV-PRD-0060
VIV-PRD-0061;PAK-VIV-PRD-0061;IND-VIV-PRD-0061;CHN-VIV-PRD-0061;USA-VIV-PRD-0061;UAE-VIV-PRD-0061
VIV-PRD-0062;PAK-VIV-PRD-0062;IND-VIV-PRD-0062;CHN-VIV-PRD-0062;USA-VIV-PRD-0062;UAE-VIV-PRD-0062
VIV-PRD-0063;PAK-VIV-PRD-0063;IND-VIV-PRD-0063;CHN-VIV-PRD-0063;USA-VIV-PRD-0063;UAE-VIV-PRD-0063
VIV-PRD-0064;PAK-VIV-PRD-0064;IND-VIV-PRD-0064;CHN-VIV-PRD-0064;USA-VIV-PRD-0064;UAE-VIV-PRD-0064
VIV-PRD-0065;PAK-VIV-PRD-0065;IND-VIV-PRD-0065;CHN-VIV-PRD-0065;USA-VIV-PRD-0065;UAE-VIV-PRD-0065
VIV-PRD-0066;PAK-VIV-PRD-0066;IND-VIV-PRD-0066;CHN-VIV-PRD-0066;USA-VIV-PRD-0066;UAE-VIV-PRD-0066
VIV-PRD-0067;PAK-VIV-PRD-0067;IND-VIV-PRD-0067;CHN-VIV-PRD-0067;USA-VIV-PRD-0067;UAE-VIV-PRD-0067
VIV-PRD-0068;PAK-VIV-PRD-0068;IND-VIV-PRD-0068;CHN-VIV-PRD-0068;USA-VIV-PRD-0068;UAE-VIV-PRD-0068
VIV-PRD-0069;PAK-VIV-PRD-0069;IND-VIV-PRD-0069;CHN-VIV-PRD-0069;USA-VIV-PRD-0069;UAE-VIV-PRD-0069
VIV-PRD-0070;PAK-VIV-PRD-0070;IND-VIV-PRD-0070;CHN-VIV-PRD-0070;USA-VIV-PRD-0070;UAE-VIV-PRD-0070
VIV-PRD-0071;PAK-VIV-PRD-0071;IND-VIV-PRD-0071;CHN-VIV-PRD-0071;USA-VIV-PRD-0071;UAE-VIV-PRD-0071
VIV-PRD-0072;PAK-VIV-PRD-0072;IND-VIV-PRD-0072;CHN-VIV-PRD-0072;USA-VIV-PRD-0072;UAE-VIV-PRD-0072
VIV-PRD-0073;PAK-VIV-PRD-0073;IND-VIV-PRD-0073;CHN-VIV-PRD-0073;USA-VIV-PRD-0073;UAE-VIV-PRD-0073
VIV-PRD-0074;PAK-VIV-PRD-0074;IND-VIV-PRD-0074;CHN-VIV-PRD-0074;USA-VIV-PRD-0074;UAE-VIV-PRD-0074
VIV-PRD-0075;PAK-VIV-PRD-0075;IND-VIV-PRD-0075;CHN-VIV-PRD-0075;USA-VIV-PRD-0075;UAE-VIV-PRD-0075
VIV-PRD-0076;PAK-VIV-PRD-0076;IND-VIV-PRD-0076;CHN-VIV-PRD-0076;USA-VIV-PRD-0076;UAE-VIV-PRD-0076
VIV-PRD-0077;PAK-VIV-PRD-0077;IND-VIV-PRD-0077;CHN-VIV-PRD-0077;USA-VIV-PRD-0077;UAE-VIV-PRD-0077
VIV-PRD-0078;PAK-VIV-PRD-0078;IND-VIV-PRD-0078;CHN-VIV-PRD-0078;USA-VIV-PRD-0078;UAE-VIV-PRD-0078
VIV-PRD-0079;PAK-VIV-PRD-0079;IND-VIV-PRD-0079;CHN-VIV-PRD-0079;USA-VIV-PRD-0079;UAE-VIV-PRD-0079
VIV-PRD-0080;PAK-VIV-PRD-0080;IND-VIV-PRD-0080;CHN-VIV-PRD-0080;USA-VIV-PRD-0080;UAE-VIV-PRD-0080
VIV-PRD-0081;PAK-VIV-PRD-0081;IND-VIV-PRD-0081;CHN-VIV-PRD-0081;USA-VIV-PRD-0081;UAE-VIV-PRD-0081
VIV-PRD-0082;PAK-VIV-PRD-0082;IND-VIV-PRD-0082;CHN-VIV-PRD-0082;USA-VIV-PRD-0082;UAE-VIV-PRD-0082
VIV-PRD-0083;PAK-VIV-PRD-0083;IND-VIV-PRD-0083;CHN-VIV-PRD-0083;USA-VIV-PRD-0083;UAE-VIV-PRD-0083
VIV-PRD-0084;PAK-VIV-PRD-0084;IND-VIV-PRD-0084;CHN-VIV-PRD-0084;USA-VIV-PRD-0084;UAE-VIV-PRD-0084
VIV-PRD-0085;PAK-VIV-PRD-0085;IND-VIV-PRD-0085;CHN-VIV-PRD-0085;USA-VIV-PRD-0085;UAE-VIV-PRD-0085
VIV-PRD-0086;PAK-VIV-PRD-0086;IND-VIV-PRD-0086;CHN-VIV-PRD-0086;USA-VIV-PRD-0086;UAE-VIV-PRD-0086
XIA-PRD-0001;PAK-XIA-PRD-0001;IND-XIA-PRD-0001;CHN-XIA-PRD-0001;USA-XIA-PRD-0001;UAE-XIA-PRD-0001
XIA-PRD-0002;PAK-XIA-PRD-0002;IND-XIA-PRD-0002;CHN-XIA-PRD-0002;USA-XIA-PRD-0002;UAE-XIA-PRD-0002
XIA-PRD-0003;PAK-XIA-PRD-0003;IND-XIA-PRD-0003;CHN-XIA-PRD-0003;USA-XIA-PRD-0003;UAE-XIA-PRD-0003
XIA-PRD-0004;PAK-XIA-PRD-0004;IND-XIA-PRD-0004;CHN-XIA-PRD-0004;USA-XIA-PRD-0004;UAE-XIA-PRD-0004
XIA-PRD-0005;PAK-XIA-PRD-0005;IND-XIA-PRD-0005;CHN-XIA-PRD-0005;USA-XIA-PRD-0005;UAE-XIA-PRD-0005
XIA-PRD-0006;PAK-XIA-PRD-0006;IND-XIA-PRD-0006;CHN-XIA-PRD-0006;USA-XIA-PRD-0006;UAE-XIA-PRD-0006
XIA-PRD-0007;PAK-XIA-PRD-0007;IND-XIA-PRD-0007;CHN-XIA-PRD-0007;USA-XIA-PRD-0007;UAE-XIA-PRD-0007
XIA-PRD-0008;PAK-XIA-PRD-0008;IND-XIA-PRD-0008;CHN-XIA-PRD-0008;USA-XIA-PRD-0008;UAE-XIA-PRD-0008
XIA-PRD-0009;PAK-XIA-PRD-0009;IND-XIA-PRD-0009;CHN-XIA-PRD-0009;USA-XIA-PRD-0009;UAE-XIA-PRD-0009
XIA-PRD-0010;PAK-XIA-PRD-0010;IND-XIA-PRD-0010;CHN-XIA-PRD-0010;USA-XIA-PRD-0010;UAE-XIA-PRD-0010
XIA-PRD-0011;PAK-XIA-PRD-0011;IND-XIA-PRD-0011;CHN-XIA-PRD-0011;USA-XIA-PRD-0011;UAE-XIA-PRD-0011
XIA-PRD-0012;PAK-XIA-PRD-0012;IND-XIA-PRD-0012;CHN-XIA-PRD-0012;USA-XIA-PRD-0012;UAE-XIA-PRD-0012
XIA-PRD-0013;PAK-XIA-PRD-0013;IND-XIA-PRD-0013;CHN-XIA-PRD-0013;USA-XIA-PRD-0013;UAE-XIA-PRD-0013
XIA-PRD-0014;PAK-XIA-PRD-0014;IND-XIA-PRD-0014;CHN-XIA-PRD-0014;USA-XIA-PRD-0014;UAE-XIA-PRD-0014
XIA-PRD-0015;PAK-XIA-PRD-0015;IND-XIA-PRD-0015;CHN-XIA-PRD-0015;USA-XIA-PRD-0015;UAE-XIA-PRD-0015
XIA-PRD-0016;PAK-XIA-PRD-0016;IND-XIA-PRD-0016;CHN-XIA-PRD-0016;USA-XIA-PRD-0016;UAE-XIA-PRD-0016
XIA-PRD-0017;PAK-XIA-PRD-0017;IND-XIA-PRD-0017;CHN-XIA-PRD-0017;USA-XIA-PRD-0017;UAE-XIA-PRD-0017
XIA-PRD-0018;PAK-XIA-PRD-0018;IND-XIA-PRD-0018;CHN-XIA-PRD-0018;USA-XIA-PRD-0018;UAE-XIA-PRD-0018
XIA-PRD-0019;PAK-XIA-PRD-0019;IND-XIA-PRD-0019;CHN-XIA-PRD-0019;USA-XIA-PRD-0019;UAE-XIA-PRD-0019
XIA-PRD-0020;PAK-XIA-PRD-0020;IND-XIA-PRD-0020;CHN-XIA-PRD-0020;USA-XIA-PRD-0020;UAE-XIA-PRD-0020
XIA-PRD-0021;PAK-XIA-PRD-0021;IND-XIA-PRD-0021;CHN-XIA-PRD-0021;USA-XIA-PRD-0021;UAE-XIA-PRD-0021
XIA-PRD-0022;PAK-XIA-PRD-0022;IND-XIA-PRD-0022;CHN-XIA-PRD-0022;USA-XIA-PRD-0022;UAE-XIA-PRD-0022
XIA-PRD-0023;PAK-XIA-PRD-0023;IND-XIA-PRD-0023;CHN-XIA-PRD-0023;USA-XIA-PRD-0023;UAE-XIA-PRD-0023
XIA-PRD-0024;PAK-XIA-PRD-0024;IND-XIA-PRD-0024;CHN-XIA-PRD-0024;USA-XIA-PRD-0024;UAE-XIA-PRD-0024
XIA-PRD-0025;PAK-XIA-PRD-0025;IND-XIA-PRD-0025;CHN-XIA-PRD-0025;USA-XIA-PRD-0025;UAE-XIA-PRD-0025
XIA-PRD-0026;PAK-XIA-PRD-0026;IND-XIA-PRD-0026;CHN-XIA-PRD-0026;USA-XIA-PRD-0026;UAE-XIA-PRD-0026
XIA-PRD-0027;PAK-XIA-PRD-0027;IND-XIA-PRD-0027;CHN-XIA-PRD-0027;USA-XIA-PRD-0027;UAE-XIA-PRD-0027
IQO-PRD-0001;PAK-IQO-PRD-0001;IND-IQO-PRD-0001;CHN-IQO-PRD-0001;USA-IQO-PRD-0001;UAE-IQO-PRD-0001
IQO-PRD-0002;PAK-IQO-PRD-0002;IND-IQO-PRD-0002;CHN-IQO-PRD-0002;USA-IQO-PRD-0002;UAE-IQO-PRD-0002
IQO-PRD-0003;PAK-IQO-PRD-0003;IND-IQO-PRD-0003;CHN-IQO-PRD-0003;USA-IQO-PRD-0003;UAE-IQO-PRD-0003
