IndiaID;Country;Launched_Price
IND-APP-PRD-0001;India;79.999
IND-APP-PRD-0002;India;84.999
IND-APP-PRD-0003;India;89.999
IND-APP-PRD-0004;India;89.999
IND-APP-PRD-0005;India;94.999
IND-APP-PRD-0006;India;104.999
IND-APP-PRD-0007;India;99.999
IND-APP-PRD-0008;India;104.999
IND-APP-PRD-0009;India;114.999
IND-APP-PRD-0010;India;109.999
IND-APP-PRD-0011;India;114.999
IND-APP-PRD-0012;India;124.999
IND-APP-PRD-0013;India;74.999
IND-APP-PRD-0014;India;79.999
IND-APP-PRD-0015;India;89.999
IND-APP-PRD-0016;India;84.999
IND-APP-PRD-0017;India;94.999
IND-APP-PRD-0018;India;104.999
IND-APP-PRD-0019;India;99.999
IND-APP-PRD-0020;India;109.999
IND-APP-PRD-0021;India;119.999
IND-APP-PRD-0022;India;114.999
IND-APP-PRD-0023;India;124.999
IND-APP-PRD-0024;India;134.999
IND-APP-PRD-0025;India;69.999
IND-APP-PRD-0026;India;74.999
IND-APP-PRD-0027;India;84.999
IND-APP-PRD-0028;India;79.999
IND-APP-PRD-0029;India;84.999
IND-APP-PRD-0030;India;94.999
IND-APP-PRD-0031;India;109.999
IND-APP-PRD-0032;India;119.999
IND-APP-PRD-0033;India;134.999
IND-APP-PRD-0034;India;124.999
IND-APP-PRD-0035;India;134.999
IND-APP-PRD-0036;India;144.999
IND-APP-PRD-0037;India;69.900
IND-APP-PRD-0038;India;74.900
IND-APP-PRD-0039;India;84.900
IND-APP-PRD-0040;India;74.900
IND-APP-PRD-0041;India;84.900
IND-APP-PRD-0042;India;94.900
IND-APP-PRD-0043;India;119.900
IND-APP-PRD-0044;India;129.900
IND-APP-PRD-0045;India;139.900
IND-APP-PRD-0046;India;129.900
IND-APP-PRD-0047;India;139.900
IND-APP-PRD-0048;India;149.900
IND-APP-PRD-0049;India;69.900
IND-APP-PRD-0050;India;74.900
IND-APP-PRD-0051;India;84.900
IND-APP-PRD-0052;India;74.900
IND-APP-PRD-0053;India;84.900
IND-APP-PRD-0054;India;94.900
IND-APP-PRD-0055;India;119.900
IND-APP-PRD-0056;India;129.900
IND-APP-PRD-0057;India;139.900
IND-APP-PRD-0058;India;129.900
IND-APP-PRD-0059;India;139.900
IND-APP-PRD-0060;India;149.900
IND-APP-PRD-0061;India;64.900
IND-APP-PRD-0062;India;74.900
IND-APP-PRD-0063;India;84.900
IND-APP-PRD-0064;India;99.900
IND-APP-PRD-0065;India;109.900
IND-APP-PRD-0066;India;119.900
IND-APP-PRD-0067;India;109.900
IND-APP-PRD-0068;India;119.900
IND-APP-PRD-0069;India;129.900
IND-APP-PRD-0070;India;89.900
IND-APP-PRD-0071;India;99.900
IND-APP-PRD-0072;India;99.900
IND-APP-PRD-0073;India;109.900
IND-APP-PRD-0074;India;119.900
IND-APP-PRD-0075;India;109.900
IND-APP-PRD-0076;India;119.900
IND-APP-PRD-0077;India;129.900
IND-APP-PRD-0078;India;64.900
IND-APP-PRD-0079;India;74.900
IND-APP-PRD-0080;India;84.900
IND-APP-PRD-0081;India;54.900
IND-APP-PRD-0082;India;64.900
IND-APP-PRD-0083;India;29.900
IND-APP-PRD-0084;India;39.900
IND-APP-PRD-0085;India;39.900
IND-APP-PRD-0086;India;49.900
IND-APP-PRD-0087;India;71.900
IND-APP-PRD-0088;India;89.900
IND-APP-PRD-0089;India;109.900
IND-APP-PRD-0090;India;94.900
IND-APP-PRD-0091;India;109.900
IND-APP-PRD-0092;India;119.900
IND-APP-PRD-0093;India;119.900
IND-APP-PRD-0094;India;139.900
IND-APP-PRD-0095;India;159.900
IND-APP-PRD-0096;India;179.900
IND-APP-PRD-0097;India;199.900
IND-GOO-PRD-0001;India;39.999
IND-GOO-PRD-0002;India;44.999
IND-GOO-PRD-0003;India;59.999
IND-GOO-PRD-0004;India;69.999
IND-GOO-PRD-0005;India;31.999
IND-GOO-PRD-0006;India;37.999
IND-GOO-PRD-0007;India;49.999
IND-GOO-PRD-0008;India;42.999
IND-GOO-PRD-0009;India;59.999
IND-GOO-PRD-0010;India;79.999
IND-GOO-PRD-0011;India;43.999
IND-GOO-PRD-0012;India;64.999
IND-GOO-PRD-0013;India;89.999
IND-GOO-PRD-0014;India;44.999
IND-GOO-PRD-0015;India;69.999
IND-GOO-PRD-0016;India;99.999
IND-GOO-PRD-0017;India;49.999
IND-GOO-PRD-0018;India;74.999
IND-GOO-PRD-0019;India;109.999
IND-GOO-PRD-0020;India;129.999
IND-GOO-PRD-0021;India;179.999
IND-HON-PRD-0001;India;15.999
IND-HON-PRD-0002;India;29.999
IND-HON-PRD-0003;India;39.999
IND-HON-PRD-0004;India;45.999
IND-HON-PRD-0005;India;22.999
IND-HON-PRD-0006;India;19.999
IND-HON-PRD-0007;India;25.999
IND-HON-PRD-0008;India;21.999
IND-HON-PRD-0009;India;29.999
IND-HON-PRD-0010;India;13.999
IND-HON-PRD-0011;India;37.999
IND-HON-PRD-0012;India;37.999
IND-HON-PRD-0013;India;44.999
IND-HON-PRD-0014;India;29.999
IND-HON-PRD-0015;India;25.999
IND-HON-PRD-0016;India;22.999
IND-HON-PRD-0017;India;19.999
IND-HON-PRD-0018;India;14.999
IND-HON-PRD-0019;India;64.999
IND-HON-PRD-0020;India;74.999
IND-HON-PRD-0021;India;84.999
IND-HON-PRD-0022;India;41.999
IND-HON-PRD-0023;India;49.999
IND-HON-PRD-0024;India;29.999
IND-HON-PRD-0025;India;27.999
IND-HON-PRD-0026;India;22.999
IND-HON-PRD-0027;India;35.999
IND-HON-PRD-0028;India;12.999
IND-HON-PRD-0029;India;16.999
IND-HON-PRD-0030;India;72.999
IND-HON-PRD-0031;India;84.999
IND-HON-PRD-0032;India;99.999
IND-HON-PRD-0033;India;149.999
IND-HON-PRD-0034;India;46.999
IND-HON-PRD-0035;India;59.999
IND-HON-PRD-0036;India;69.999
IND-HON-PRD-0037;India;26.999
IND-HON-PRD-0038;India;22.999
IND-HON-PRD-0039;India;12.499
IND-HON-PRD-0040;India;14.999
IND-HON-PRD-0041;India;79.999
IND-HON-PRD-0042;India;99.999
IND-HON-PRD-0043;India;119.999
IND-HON-PRD-0044;India;149.999
IND-HON-PRD-0045;India;46.999
IND-HON-PRD-0046;India;69.999
IND-HON-PRD-0047;India;34.999
IND-HON-PRD-0048;India;28.999
IND-HON-PRD-0049;India;21.999
IND-HON-PRD-0050;India;11.499
IND-HON-PRD-0051;India;13.999
IND-HON-PRD-0052;India;89.999
IND-HON-PRD-0053;India;109.999
IND-HON-PRD-0054;India;129.999
IND-HON-PRD-0055;India;159.999
IND-HON-PRD-0056;India;54.999
IND-HON-PRD-0057;India;64.999
IND-HON-PRD-0058;India;34.999
IND-HON-PRD-0059;India;28.999
IND-HON-PRD-0060;India;21.999
IND-HON-PRD-0061;India;11.499
IND-HON-PRD-0062;India;13.999
IND-HON-PRD-0063;India;89.999
IND-HON-PRD-0064;India;109.999
IND-HON-PRD-0065;India;129.999
IND-HON-PRD-0066;India;159.999
IND-HON-PRD-0067;India;17.999
IND-HON-PRD-0068;India;14.999
IND-HON-PRD-0069;India;19.999
IND-HON-PRD-0070;India;34.999
IND-HON-PRD-0071;India;44.999
IND-HON-PRD-0072;India;24.999
IND-HON-PRD-0073;India;16.999
IND-HON-PRD-0074;India;12.999
IND-HON-PRD-0075;India;39.999
IND-HON-PRD-0076;India;54.999
IND-HON-PRD-0077;India;34.999
IND-HON-PRD-0078;India;44.999
IND-HON-PRD-0079;India;22.999
IND-HON-PRD-0080;India;16.999
IND-HON-PRD-0081;India;64.999
IND-HON-PRD-0082;India;74.999
IND-HON-PRD-0083;India;12.999
IND-HON-PRD-0084;India;10.999
IND-HON-PRD-0085;India;29.999
IND-HON-PRD-0086;India;54.999
IND-HON-PRD-0087;India;84.999
IND-HON-PRD-0088;India;29.999
IND-HON-PRD-0089;India;39.999
IND-HON-PRD-0090;India;64.999
IND-HON-PRD-0091;India;54.999
IND-HUA-PRD-0001;India;59.999
IND-HUA-PRD-0002;India;79.999
IND-HUA-PRD-0003;India;129.999
IND-HUA-PRD-0004;India;69.999
IND-HUA-PRD-0005;India;249.999
IND-HUA-PRD-0006;India;37.999
IND-HUA-PRD-0007;India;44.999
IND-HUA-PRD-0008;India;54.999
IND-HUA-PRD-0009;India;199.999
IND-HUA-PRD-0010;India;84.999
IND-HUA-PRD-0011;India;99.999
IND-HUA-PRD-0012;India;39.999
IND-HUA-PRD-0013;India;49.999
IND-HUA-PRD-0014;India;34.999
IND-HUA-PRD-0015;India;84.999
IND-HUA-PRD-0016;India;99.999
IND-HUA-PRD-0017;India;119.999
IND-HUA-PRD-0018;India;249.999
IND-HUA-PRD-0019;India;109.999
IND-HUA-PRD-0020;India;129.999
IND-HUA-PRD-0021;India;149.999
IND-HUA-PRD-0022;India;44.999
IND-HUA-PRD-0023;India;54.999
IND-HUA-PRD-0024;India;64.999
IND-HUA-PRD-0025;India;84.999
IND-HUA-PRD-0026;India;99.999
IND-HUA-PRD-0027;India;114.999
IND-HUA-PRD-0028;India;129.999
IND-HUA-PRD-0029;India;89.999
IND-HUA-PRD-0030;India;104.999
IND-HUA-PRD-0031;India;119.999
IND-HUA-PRD-0032;India;249.999
IND-HUA-PRD-0033;India;44.999
IND-HUA-PRD-0034;India;54.999
IND-HUA-PRD-0035;India;259.999
IND-HUA-PRD-0036;India;274.999
IND-HUA-PRD-0037;India;47.999
IND-HUA-PRD-0038;India;54.999
IND-HUA-PRD-0039;India;59.999
IND-HUA-PRD-0040;India;67.999
IND-HUA-PRD-0041;India;49.990
IND-HUA-PRD-0042;India;58.590
IND-INF-PRD-0001;India;21.999
IND-INF-PRD-0002;India;29.999
IND-INF-PRD-0003;India;14.999
IND-INF-PRD-0004;India;39.999
IND-INF-PRD-0005;India;14.999
IND-INF-PRD-0006;India;12.499
IND-INF-PRD-0007;India;18.999
IND-INF-PRD-0008;India;17.999
IND-INF-PRD-0009;India;24.999
IND-INF-PRD-0010;India;32.999
IND-INF-PRD-0011;India;23.999
IND-INF-PRD-0012;India;16.999
IND-INF-PRD-0013;India;19.999
IND-INF-PRD-0014;India;27.999
IND-INF-PRD-0015;India;32.999
IND-INF-PRD-0016;India;12.499
IND-INF-PRD-0017;India;10.999
IND-INF-PRD-0018;India;14.999
IND-INF-PRD-0019;India;24.999
IND-INF-PRD-0020;India;27.999
IND-INF-PRD-0021;India;32.999
IND-INF-PRD-0022;India;17.999
IND-INF-PRD-0023;India;22.999
IND-INF-PRD-0024;India;12.499
IND-INF-PRD-0025;India;10.999
IND-INF-PRD-0026;India;11.499
IND-INF-PRD-0027;India;11.999
IND-INF-PRD-0028;India;17.999
IND-INF-PRD-0029;India;26.999
IND-INF-PRD-0030;India;29.999
IND-INF-PRD-0031;India;32.999
IND-INF-PRD-0032;India;11.499
IND-INF-PRD-0033;India;10.499
IND-INF-PRD-0034;India;12.999
IND-INF-PRD-0035;India;9.999
IND-INF-PRD-0036;India;12.999
IND-INF-PRD-0037;India;10.999
IND-INF-PRD-0038;India;14.999
IND-INF-PRD-0039;India;16.999
IND-INF-PRD-0040;India;9.499
IND-INF-PRD-0041;India;10.499
IND-INF-PRD-0042;India;11.999
IND-INF-PRD-0043;India;12.499
IND-INF-PRD-0044;India;7.999
IND-INF-PRD-0045;India;9.499
IND-INF-PRD-0046;India;10.999
IND-INF-PRD-0047;India;11.499
IND-INF-PRD-0048;India;12.999
IND-INF-PRD-0049;India;5.999
IND-INF-PRD-0050;India;12.999
IND-INF-PRD-0051;India;7.999
IND-INF-PRD-0052;India;15.999
IND-INF-PRD-0053;India;17.999
IND-INF-PRD-0054;India;10.999
IND-INF-PRD-0055;India;19.999
IND-INF-PRD-0056;India;7.499
IND-LEN-PRD-0001;India;49.999
IND-LEN-PRD-0002;India;54.999
IND-LEN-PRD-0003;India;59.999
IND-LEN-PRD-0004;India;10.999
IND-LEN-PRD-0005;India;12.999
IND-LEN-PRD-0006;India;14.999
IND-LEN-PRD-0007;India;7.499
IND-LEN-PRD-0008;India;11.999
IND-LEN-PRD-0009;India;10.999
IND-LEN-PRD-0010;India;9.999
IND-LEN-PRD-0011;India;13.999
IND-LEN-PRD-0012;India;15.999
IND-LEN-PRD-0013;India;39.999
IND-LEN-PRD-0014;India;44.999
IND-LEN-PRD-0015;India;21.400
IND-MOT-PRD-0001;India;29.999
IND-MOT-PRD-0002;India;34.999
IND-MOT-PRD-0003;India;34.999
IND-MOT-PRD-0004;India;39.999
IND-MOT-PRD-0005;India;59.999
IND-MOT-PRD-0006;India;64.999
IND-MOT-PRD-0007;India;19.999
IND-MOT-PRD-0008;India;22.999
IND-MOT-PRD-0009;India;21.999
IND-MOT-PRD-0010;India;24.999
IND-MOT-PRD-0011;India;19.999
IND-MOT-PRD-0012;India;22.999
IND-MOT-PRD-0013;India;27.999
IND-MOT-PRD-0014;India;29.999
IND-MOT-PRD-0015;India;11.999
IND-MOT-PRD-0016;India;13.999
IND-MOT-PRD-0017;India;17.999
IND-MOT-PRD-0018;India;19.999
IND-MOT-PRD-0019;India;9.999
IND-MOT-PRD-0020;India;11.999
IND-MOT-PRD-0021;India;34.999
IND-MOT-PRD-0022;India;39.999
IND-MOT-PRD-0023;India;29.999
IND-MOT-PRD-0024;India;34.999
IND-MOT-PRD-0025;India;39.999
IND-MOT-PRD-0026;India;44.999
IND-MOT-PRD-0027;India;26.999
IND-MOT-PRD-0028;India;29.999
IND-MOT-PRD-0029;India;18.999
IND-MOT-PRD-0030;India;22.999
IND-MOT-PRD-0031;India;22.999
IND-MOT-PRD-0032;India;26.999
IND-MOT-PRD-0033;India;44.999
IND-MOT-PRD-0034;India;49.999
IND-MOT-PRD-0035;India;99.999
IND-MOT-PRD-0036;India;79.999
IND-MOT-PRD-0037;India;29.999
IND-MOT-PRD-0038;India;34.999
IND-MOT-PRD-0039;India;26.999
IND-MOT-PRD-0040;India;29.999
IND-MOT-PRD-0041;India;11.999
IND-MOT-PRD-0042;India;13.999
IND-MOT-PRD-0043;India;44.999
IND-MOT-PRD-0044;India;49.999
IND-MOT-PRD-0045;India;119.999
IND-MOT-PRD-0046;India;26.999
IND-MOT-PRD-0047;India;29.999
IND-MOT-PRD-0048;India;119.999
IND-MOT-PRD-0049;India;49.999
IND-MOT-PRD-0050;India;54.999
IND-MOT-PRD-0051;India;34.999
IND-MOT-PRD-0052;India;39.999
IND-MOT-PRD-0053;India;24.999
IND-MOT-PRD-0054;India;29.999
IND-MOT-PRD-0055;India;19.999
IND-MOT-PRD-0056;India;24.999
IND-MOT-PRD-0057;India;16.999
IND-MOT-PRD-0058;India;14.999
IND-MOT-PRD-0059;India;11.999
IND-MOT-PRD-0060;India;9.999
IND-MOT-PRD-0061;India;10.999
IND-MOT-PRD-0062;India;12.999
IND-NOK-PRD-0001;India;18.999
IND-NOK-PRD-0002;India;12.499
IND-NOK-PRD-0003;India;13.999
IND-NOK-PRD-0004;India;9.999
IND-NOK-PRD-0005;India;10.999
IND-NOK-PRD-0006;India;11.999
IND-NOK-PRD-0007;India;13.999
IND-NOK-PRD-0008;India;8.499
IND-NOK-PRD-0009;India;9.499
IND-NOK-PRD-0010;India;22.999
IND-NOK-PRD-0011;India;17.999
IND-ONE-PRD-0001;India;74.999
IND-ONE-PRD-0002;India;49.999
IND-ONE-PRD-0003;India;54.999
IND-ONE-PRD-0004;India;44.999
IND-ONE-PRD-0005;India;34.999
IND-ONE-PRD-0006;India;22.999
IND-ONE-PRD-0007;India;17.999
IND-ONE-PRD-0008;India;16.999
IND-ONE-PRD-0009;India;74.999
IND-ONE-PRD-0010;India;64.999
IND-ONE-PRD-0011;India;54.999
IND-ONE-PRD-0012;India;59.999
IND-ONE-PRD-0013;India;39.999
IND-ONE-PRD-0014;India;74.999
IND-ONE-PRD-0015;India;28.999
IND-ONE-PRD-0016;India;27.999
IND-ONE-PRD-0017;India;15.999
IND-ONE-PRD-0018;India;12.999
IND-ONE-PRD-0019;India;45.999
IND-ONE-PRD-0020;India;49.999
IND-ONE-PRD-0021;India;42.999
IND-ONE-PRD-0022;India;54.999
IND-ONE-PRD-0023;India;39.999
IND-ONE-PRD-0024;India;54.999
IND-ONE-PRD-0025;India;41.999
IND-ONE-PRD-0026;India;19.999
IND-ONE-PRD-0027;India;23.999
IND-ONE-PRD-0028;India;22.999
IND-ONE-PRD-0029;India;24.999
IND-ONE-PRD-0030;India;27.999
IND-ONE-PRD-0031;India;12.999
IND-ONE-PRD-0032;India;19.999
IND-ONE-PRD-0033;India;41.999
IND-ONE-PRD-0034;India;38.999
IND-ONE-PRD-0035;India;50.999
IND-ONE-PRD-0036;India;34.999
IND-ONE-PRD-0037;India;74.999
IND-ONE-PRD-0038;India;74.999
IND-ONE-PRD-0039;India;49.999
IND-ONE-PRD-0040;India;59.999
IND-ONE-PRD-0041;India;37.999
IND-ONE-PRD-0042;India;36.999
IND-ONE-PRD-0043;India;24.999
IND-ONE-PRD-0044;India;59.999
IND-ONE-PRD-0045;India;58.999
IND-ONE-PRD-0046;India;69.999
IND-ONE-PRD-0047;India;74.999
IND-ONE-PRD-0048;India;69.999
IND-ONE-PRD-0049;India;74.999
IND-ONE-PRD-0050;India;74.999
IND-ONE-PRD-0051;India;39.999
IND-ONE-PRD-0052;India;44.999
IND-ONE-PRD-0053;India;69.999
IND-OPP-PRD-0001;India;159.999
IND-OPP-PRD-0002;India;109.999
IND-OPP-PRD-0003;India;139.999
IND-OPP-PRD-0004;India;119.999
IND-OPP-PRD-0005;India;44.999
IND-OPP-PRD-0006;India;44.999
IND-OPP-PRD-0007;India;69.999
IND-OPP-PRD-0008;India;54.999
IND-OPP-PRD-0009;India;39.999
IND-OPP-PRD-0010;India;39.999
IND-OPP-PRD-0011;India;64.999
IND-OPP-PRD-0012;India;49.999
IND-OPP-PRD-0013;India;44.999
IND-OPP-PRD-0014;India;59.999
IND-OPP-PRD-0015;India;49.999
IND-OPP-PRD-0016;India;54.999
IND-OPP-PRD-0017;India;44.999
IND-OPP-PRD-0018;India;34.999
IND-OPP-PRD-0019;India;36.999
IND-OPP-PRD-0020;India;39.999
IND-OPP-PRD-0021;India;34.999
IND-OPP-PRD-0022;India;36.999
IND-OPP-PRD-0023;India;39.999
IND-OPP-PRD-0024;India;34.999
IND-OPP-PRD-0025;India;39.999
IND-OPP-PRD-0026;India;42.999
IND-OPP-PRD-0027;India;59.999
IND-OPP-PRD-0028;India;64.999
IND-OPP-PRD-0029;India;44.999
IND-OPP-PRD-0030;India;47.999
IND-OPP-PRD-0031;India;49.999
IND-OPP-PRD-0032;India;54.999
IND-OPP-PRD-0033;India;42.999
IND-OPP-PRD-0034;India;44.999
IND-OPP-PRD-0035;India;54.999
IND-OPP-PRD-0036;India;59.999
IND-OPP-PRD-0037;India;64.999
IND-OPP-PRD-0038;India;69.999
IND-OPP-PRD-0039;India;44.999
IND-OPP-PRD-0040;India;49.999
IND-OPP-PRD-0041;India;109.999
IND-OPP-PRD-0042;India;119.999
IND-OPP-PRD-0043;India;99.999
IND-OPP-PRD-0044;India;109.999
IND-OPP-PRD-0045;India;94.999
IND-OPP-PRD-0046;India;104.999
IND-OPP-PRD-0047;India;84.999
IND-OPP-PRD-0048;India;94.999
IND-OPP-PRD-0049;India;89.999
IND-OPP-PRD-0050;India;99.999
IND-OPP-PRD-0051;India;79.999
IND-OPP-PRD-0052;India;84.999
IND-OPP-PRD-0053;India;94.999
IND-OPP-PRD-0054;India;99.999
IND-OPP-PRD-0055;India;38.999
IND-OPP-PRD-0056;India;42.999
IND-OPP-PRD-0057;India;44.999
IND-OPP-PRD-0058;India;54.999
IND-OPP-PRD-0059;India;32.999
IND-OPP-PRD-0060;India;36.999
IND-OPP-PRD-0061;India;42.999
IND-OPP-PRD-0062;India;52.999
IND-OPP-PRD-0063;India;29.999
IND-OPP-PRD-0064;India;34.999
IND-OPP-PRD-0065;India;42.999
IND-OPP-PRD-0066;India;46.999
IND-OPP-PRD-0067;India;28.999
IND-OPP-PRD-0068;India;32.999
IND-OPP-PRD-0069;India;39.999
IND-OPP-PRD-0070;India;29.999
IND-OPP-PRD-0071;India;32.999
IND-OPP-PRD-0072;India;39.999
IND-OPP-PRD-0073;India;44.999
IND-OPP-PRD-0074;India;49.999
IND-OPP-PRD-0075;India;26.999
IND-OPP-PRD-0076;India;29.999
IND-OPP-PRD-0077;India;32.999
IND-OPP-PRD-0078;India;36.999
IND-OPP-PRD-0079;India;44.999
IND-OPP-PRD-0080;India;24.999
IND-OPP-PRD-0081;India;26.999
IND-OPP-PRD-0082;India;39.999
IND-OPP-PRD-0083;India;22.999
IND-OPP-PRD-0084;India;26.999
IND-OPP-PRD-0085;India;34.999
IND-OPP-PRD-0086;India;14.999
IND-OPP-PRD-0087;India;16.999
IND-OPP-PRD-0088;India;19.000
IND-OPP-PRD-0089;India;15.999
IND-OPP-PRD-0090;India;14.999
IND-OPP-PRD-0091;India;13.999
IND-OPP-PRD-0092;India;15.999
IND-OPP-PRD-0093;India;12.999
IND-OPP-PRD-0094;India;11.999
IND-OPP-PRD-0095;India;10.999
IND-OPP-PRD-0096;India;9.999
IND-OPP-PRD-0097;India;8.999
IND-OPP-PRD-0098;India;19.999
IND-OPP-PRD-0099;India;22.999
IND-OPP-PRD-0100;India;18.000
IND-OPP-PRD-0101;India;20.000
IND-OPP-PRD-0102;India;16.990
IND-OPP-PRD-0103;India;18.990
IND-OPP-PRD-0104;India;19.999
IND-OPP-PRD-0105;India;15.999
IND-OPP-PRD-0106;India;17.999
IND-OPP-PRD-0107;India;24.999
IND-OPP-PRD-0108;India;27.999
IND-OPP-PRD-0109;India;22.999
IND-OPP-PRD-0110;India;24.999
IND-OPP-PRD-0111;India;14.999
IND-OPP-PRD-0112;India;19.999
IND-OPP-PRD-0113;India;21.999
IND-OPP-PRD-0114;India;18.000
IND-OPP-PRD-0115;India;20.000
IND-OPP-PRD-0116;India;21.999
IND-OPP-PRD-0117;India;24.999
IND-OPP-PRD-0118;India;16.990
IND-OPP-PRD-0119;India;18.990
IND-OPP-PRD-0120;India;19.999
IND-OPP-PRD-0121;India;22.999
IND-OPP-PRD-0122;India;15.999
IND-OPP-PRD-0123;India;17.999
IND-OPP-PRD-0124;India;24.999
IND-OPP-PRD-0125;India;27.999
IND-OPP-PRD-0126;India;22.999
IND-OPP-PRD-0127;India;24.999
IND-OPP-PRD-0128;India;14.999
IND-OPP-PRD-0129;India;19.999
IND-POC-PRD-0001;India;37.999
IND-POC-PRD-0002;India;13.999
IND-POC-PRD-0003;India;16.999
IND-POC-PRD-0004;India;10.999
IND-POC-PRD-0005;India;29.999
IND-POC-PRD-0006;India;18.999
IND-POC-PRD-0007;India;13.999
IND-POC-PRD-0008;India;25.999
IND-POC-PRD-0009;India;21.999
IND-POC-PRD-0010;India;14.999
IND-POC-PRD-0011;India;27.999
IND-POC-PRD-0012;India;39.999
IND-POC-PRD-0013;India;18.999
IND-POC-PRD-0014;India;14.999
IND-POC-PRD-0015;India;12.499
IND-POC-PRD-0016;India;13.999
IND-POC-PRD-0017;India;29.999
IND-POC-PRD-0018;India;39.999
IND-POC-PRD-0019;India;18.999
IND-POC-PRD-0020;India;22.999
IND-POC-PRD-0021;India;12.999
IND-POC-PRD-0022;India;14.999
IND-POC-PRD-0023;India;21.999
IND-POC-PRD-0024;India;24.999
IND-POC-PRD-0025;India;34.999
IND-POC-PRD-0026;India;44.999
IND-POC-PRD-0027;India;10.999
IND-POC-PRD-0028;India;22.999
IND-POC-PRD-0029;India;27.999
IND-POC-PRD-0030;India;15.999
IND-POC-PRD-0031;India;23.999
IND-POC-PRD-0032;India;25.999
IND-REA-PRD-0001;India;59.999
IND-REA-PRD-0002;India;65.999
IND-REA-PRD-0003;India;37.999
IND-REA-PRD-0004;India;39.999
IND-REA-PRD-0005;India;41.999
IND-REA-PRD-0006;India;28.756
IND-REA-PRD-0007;India;30.999
IND-REA-PRD-0008;India;34.999
IND-REA-PRD-0009;India;36.999
IND-REA-PRD-0010;India;29.999
IND-REA-PRD-0011;India;31.999
IND-REA-PRD-0012;India;24.999
IND-REA-PRD-0013;India;26.999
IND-REA-PRD-0014;India;22.999
IND-REA-PRD-0015;India;24.999
IND-REA-PRD-0016;India;18.999
IND-REA-PRD-0017;India;20.999
IND-REA-PRD-0018;India;27.999
IND-REA-PRD-0019;India;29.999
IND-REA-PRD-0020;India;34.999
IND-REA-PRD-0021;India;36.999
IND-REA-PRD-0022;India;19.999
IND-REA-PRD-0023;India;21.999
IND-REA-PRD-0024;India;32.999
IND-REA-PRD-0025;India;34.999
IND-REA-PRD-0026;India;16.999
IND-REA-PRD-0027;India;18.999
IND-REA-PRD-0028;India;22.999
IND-REA-PRD-0029;India;24.999
IND-REA-PRD-0030;India;19.999
IND-REA-PRD-0031;India;21.999
IND-REA-PRD-0032;India;14.999
IND-REA-PRD-0033;India;13.999
IND-REA-PRD-0034;India;17.999
IND-REA-PRD-0035;India;19.499
IND-REA-PRD-0036;India;13.999
IND-REA-PRD-0037;India;15.999
IND-REA-PRD-0038;India;11.999
IND-REA-PRD-0039;India;14.999
IND-REA-PRD-0040;India;16.999
IND-REA-PRD-0041;India;13.999
IND-REA-PRD-0042;India;15.999
IND-REA-PRD-0043;India;13.499
IND-REA-PRD-0044;India;14.999
IND-REA-PRD-0045;India;16.999
IND-REA-PRD-0046;India;17.999
IND-REA-PRD-0047;India;18.999
IND-REA-PRD-0048;India;20.999
IND-REA-PRD-0049;India;15.999
IND-REA-PRD-0050;India;47.999
IND-REA-PRD-0051;India;53.999
IND-REA-PRD-0052;India;30.999
IND-REA-PRD-0053;India;36.999
IND-REA-PRD-0054;India;32.999
IND-REA-PRD-0055;India;38.999
IND-REA-PRD-0056;India;19.999
IND-REA-PRD-0057;India;22.999
IND-REA-PRD-0058;India;27.999
IND-REA-PRD-0059;India;31.999
IND-REA-PRD-0060;India;18.999
IND-REA-PRD-0061;India;20.999
IND-REA-PRD-0062;India;29.999
IND-REA-PRD-0063;India;33.999
IND-REA-PRD-0064;India;15.999
IND-REA-PRD-0065;India;17.999
IND-REA-PRD-0066;India;19.499
IND-REA-PRD-0067;India;21.999
IND-REA-PRD-0068;India;20.999
IND-REA-PRD-0069;India;22.999
IND-SAM-PRD-0001;India;104.900
IND-SAM-PRD-0002;India;114.900
IND-SAM-PRD-0003;India;89.900
IND-SAM-PRD-0004;India;99.900
IND-SAM-PRD-0005;India;79.900
IND-SAM-PRD-0006;India;89.900
IND-SAM-PRD-0007;India;99.900
IND-SAM-PRD-0008;India;109.900
IND-SAM-PRD-0009;India;79.900
IND-SAM-PRD-0010;India;89.900
IND-SAM-PRD-0011;India;69.900
IND-SAM-PRD-0012;India;79.900
IND-SAM-PRD-0013;India;94.900
IND-SAM-PRD-0014;India;104.900
IND-SAM-PRD-0015;India;79.900
IND-SAM-PRD-0016;India;89.900
IND-SAM-PRD-0017;India;69.900
IND-SAM-PRD-0018;India;79.900
IND-SAM-PRD-0019;India;154.900
IND-SAM-PRD-0020;India;174.900
IND-SAM-PRD-0021;India;94.900
IND-SAM-PRD-0022;India;104.900
IND-SAM-PRD-0023;India;134.900
IND-SAM-PRD-0024;India;154.900
IND-SAM-PRD-0025;India;84.900
IND-SAM-PRD-0026;India;94.900
IND-SAM-PRD-0027;India;27.999
IND-SAM-PRD-0028;India;32.999
IND-SAM-PRD-0029;India;22.999
IND-SAM-PRD-0030;India;27.999
IND-SAM-PRD-0031;India;19.999
IND-SAM-PRD-0032;India;24.999
IND-SAM-PRD-0033;India;18.499
IND-SAM-PRD-0034;India;21.999
IND-SAM-PRD-0035;India;14.999
IND-SAM-PRD-0036;India;18.499
IND-SAM-PRD-0037;India;23.999
IND-SAM-PRD-0038;India;26.999
IND-SAM-PRD-0039;India;17.999
IND-SAM-PRD-0040;India;20.999
IND-SAM-PRD-0041;India;14.999
IND-SAM-PRD-0042;India;17.999
IND-SAM-PRD-0043;India;12.999
IND-SAM-PRD-0044;India;15.999
IND-SAM-PRD-0045;India;23.999
IND-SAM-PRD-0046;India;26.999
IND-SAM-PRD-0047;India;18.999
IND-SAM-PRD-0048;India;21.999
IND-SAM-PRD-0049;India;14.999
IND-SAM-PRD-0050;India;17.999
IND-SAM-PRD-0051;India;99.999
IND-SAM-PRD-0052;India;104.999
IND-SAM-PRD-0053;India;77.999
IND-SAM-PRD-0054;India;89.999
IND-SAM-PRD-0055;India;74.999
IND-SAM-PRD-0056;India;84.999
IND-SAM-PRD-0057;India;64.999
IND-SAM-PRD-0058;India;59.999
IND-SAM-PRD-0059;India;28.999
IND-SAM-PRD-0060;India;17.499
IND-SAM-PRD-0061;India;18.990
IND-SAM-PRD-0062;India;18.990
IND-SAM-PRD-0063;India;15.999
IND-SAM-PRD-0064;India;9.990
IND-SAM-PRD-0065;India;32.990
IND-SAM-PRD-0066;India;22.990
IND-SAM-PRD-0067;India;19.990
IND-SAM-PRD-0068;India;99.999
IND-SAM-PRD-0069;India;89.999
IND-SAM-PRD-0070;India;114.999
IND-SAM-PRD-0071;India;99.999
IND-SAM-PRD-0072;India;85.999
IND-SAM-PRD-0073;India;49.999
IND-SAM-PRD-0074;India;109.999
IND-SAM-PRD-0075;India;94.999
IND-SAM-PRD-0076;India;74.999
IND-SAM-PRD-0077;India;22.999
IND-SAM-PRD-0078;India;16.999
IND-SAM-PRD-0079;India;17.999
IND-SAM-PRD-0080;India;11.999
IND-SAM-PRD-0081;India;54.999
IND-SAM-PRD-0082;India;64.999
IND-SAM-PRD-0083;India;44.999
IND-SAM-PRD-0084;India;9.999
IND-SAM-PRD-0085;India;8.499
IND-SAM-PRD-0086;India;164.999
IND-SAM-PRD-0087;India;176.999
IND-SAM-PRD-0088;India;200.999
IND-SON-PRD-0001;India;119.999
IND-SON-PRD-0002;India;89.999
IND-SON-PRD-0003;India;49.999
IND-SON-PRD-0004;India;124.999
IND-SON-PRD-0005;India;94.999
IND-SON-PRD-0006;India;54.999
IND-SON-PRD-0007;India;129.999
IND-SON-PRD-0008;India;99.999
IND-SON-PRD-0009;India;59.999
IND-TEC-PRD-0001;India;9.999
IND-TEC-PRD-0002;India;29.999
IND-TEC-PRD-0003;India;7.499
IND-TEC-PRD-0004;India;24.999
IND-TEC-PRD-0005;India;39.999
IND-TEC-PRD-0006;India;14.999
IND-TEC-PRD-0007;India;16.999
IND-TEC-PRD-0008;India;6.999
IND-TEC-PRD-0009;India;19.999
IND-TEC-PRD-0010;India;12.999
IND-TEC-PRD-0011;India;169.999
IND-TEC-PRD-0012;India;79.999
IND-TEC-PRD-0013;India;29.999
IND-TEC-PRD-0014;India;11.999
IND-TEC-PRD-0015;India;7.499
IND-TEC-PRD-0016;India;79.999
IND-TEC-PRD-0017;India;13.999
IND-TEC-PRD-0018;India;24.999
IND-TEC-PRD-0019;India;22.999
IND-TEC-PRD-0020;India;89.999
IND-TEC-PRD-0021;India;64.999
IND-TEC-PRD-0022;India;39.999
IND-TEC-PRD-0023;India;29.999
IND-TEC-PRD-0024;India;79.999
IND-TEC-PRD-0025;India;19.999
IND-TEC-PRD-0026;India;14.999
IND-TEC-PRD-0027;India;12.999
IND-TEC-PRD-0028;India;11.999
IND-TEC-PRD-0029;India;7.499
IND-TEC-PRD-0030;India;6.999
IND-TEC-PRD-0031;India;79.999
IND-TEC-PRD-0032;India;59.999
IND-TEC-PRD-0033;India;34.999
IND-TEC-PRD-0034;India;74.999
IND-TEC-PRD-0035;India;39.999
IND-TEC-PRD-0036;India;29.999
IND-TEC-PRD-0037;India;29.999
IND-TEC-PRD-0038;India;54.999
IND-TEC-PRD-0039;India;24.999
IND-VIV-PRD-0001;India;119.999
IND-VIV-PRD-0002;India;129.999
IND-VIV-PRD-0003;India;139.999
IND-VIV-PRD-0004;India;149.999
IND-VIV-PRD-0005;India;109.999
IND-VIV-PRD-0006;India;44.999
IND-VIV-PRD-0007;India;39.999
IND-VIV-PRD-0008;India;34.999
IND-VIV-PRD-0009;India;29.999
IND-VIV-PRD-0010;India;59.999
IND-VIV-PRD-0011;India;49.999
IND-VIV-PRD-0012;India;64.999
IND-VIV-PRD-0013;India;22.999
IND-VIV-PRD-0014;India;19.999
IND-VIV-PRD-0015;India;24.999
IND-VIV-PRD-0016;India;12.999
IND-VIV-PRD-0017;India;16.999
IND-VIV-PRD-0018;India;22.999
IND-VIV-PRD-0019;India;16.999
IND-VIV-PRD-0020;India;13.999
IND-VIV-PRD-0021;India;10.999
IND-VIV-PRD-0022;India;14.999
IND-VIV-PRD-0023;India;27.990
IND-VIV-PRD-0024;India;31.990
IND-VIV-PRD-0025;India;27.990
IND-VIV-PRD-0026;India;33.990
IND-VIV-PRD-0027;India;10.990
IND-VIV-PRD-0028;India;13.990
IND-VIV-PRD-0029;India;19.990
IND-VIV-PRD-0030;India;24.990
IND-VIV-PRD-0031;India;10.999
IND-VIV-PRD-0032;India;13.490
IND-VIV-PRD-0033;India;22.990
IND-VIV-PRD-0034;India;26.990
IND-VIV-PRD-0035;India;35.990
IND-VIV-PRD-0036;India;39.990
IND-VIV-PRD-0037;India;14.990
IND-VIV-PRD-0038;India;11.990
IND-VIV-PRD-0039;India;18.990
IND-VIV-PRD-0040;India;22.990
IND-VIV-PRD-0041;India;24.990
IND-VIV-PRD-0042;India;21.990
IND-VIV-PRD-0043;India;20.999
IND-VIV-PRD-0044;India;24.999
IND-VIV-PRD-0045;India;17.999
IND-VIV-PRD-0046;India;14.999
IND-VIV-PRD-0047;India;44.999
IND-VIV-PRD-0048;India;49.999
IND-VIV-PRD-0049;India;25.999
IND-VIV-PRD-0050;India;29.999
IND-VIV-PRD-0051;India;21.999
IND-VIV-PRD-0052;India;25.999
IND-VIV-PRD-0053;India;16.999
IND-VIV-PRD-0054;India;13.999
IND-VIV-PRD-0055;India;25.999
IND-VIV-PRD-0056;India;29.999
IND-VIV-PRD-0057;India;39.999
IND-VIV-PRD-0058;India;44.999
IND-VIV-PRD-0059;India;17.999
IND-VIV-PRD-0060;India;21.999
IND-VIV-PRD-0061;India;47.999
IND-VIV-PRD-0062;India;54.999
IND-VIV-PRD-0063;India;29.999
IND-VIV-PRD-0064;India;32.999
IND-VIV-PRD-0065;India;34.999
IND-VIV-PRD-0066;India;37.999
IND-VIV-PRD-0067;India;25.999
IND-VIV-PRD-0068;India;29.999
IND-VIV-PRD-0069;India;69.999
IND-VIV-PRD-0070;India;79.999
IND-VIV-PRD-0071;India;19.999
IND-VIV-PRD-0072;India;22.999
IND-VIV-PRD-0073;India;15.999
IND-VIV-PRD-0074;India;18.999
IND-VIV-PRD-0075;India;27.999
IND-VIV-PRD-0076;India;32.999
IND-VIV-PRD-0077;India;59.999
IND-VIV-PRD-0078;India;69.999
IND-VIV-PRD-0079;India;12.999
IND-VIV-PRD-0080;India;9.999
IND-VIV-PRD-0081;India;34.999
IND-VIV-PRD-0082;India;39.999
IND-VIV-PRD-0083;India;31.999
IND-VIV-PRD-0084;India;34.999
IND-VIV-PRD-0085;India;45.999
IND-VIV-PRD-0086;India;49.999
IND-XIA-PRD-0001;India;89.999
IND-XIA-PRD-0002;India;99.999
IND-XIA-PRD-0003;India;109.999
IND-XIA-PRD-0004;India;79.999
IND-XIA-PRD-0005;India;89.999
IND-XIA-PRD-0006;India;74.999
IND-XIA-PRD-0007;India;84.999
IND-XIA-PRD-0008;India;94.999
IND-XIA-PRD-0009;India;69.999
IND-XIA-PRD-0010;India;79.999
IND-XIA-PRD-0011;India;84.999
IND-XIA-PRD-0012;India;94.999
IND-XIA-PRD-0013;India;74.999
IND-XIA-PRD-0014;India;84.999
IND-XIA-PRD-0015;India;29.999
IND-XIA-PRD-0016;India;32.999
IND-XIA-PRD-0017;India;35.999
IND-XIA-PRD-0018;India;27.999
IND-XIA-PRD-0019;India;30.999
IND-XIA-PRD-0020;India;24.999
IND-XIA-PRD-0021;India;27.999
IND-XIA-PRD-0022;India;21.999
IND-XIA-PRD-0023;India;24.999
IND-XIA-PRD-0024;India;18.999
IND-XIA-PRD-0025;India;21.999
IND-XIA-PRD-0026;India;14.999
IND-XIA-PRD-0027;India;16.999
IND-IQO-PRD-0001;India;37.999
IND-IQO-PRD-0002;India;43.999
IND-IQO-PRD-0003;India;49.999
