PakistanID;Country;Launched_Price
PAK-APP-PRD-0001;Pakitstan;224.999
PAK-APP-PRD-0002;Pakitstan;234.999
PAK-APP-PRD-0003;Pakitstan;244.999
PAK-APP-PRD-0004;Pakitstan;249.999
PAK-APP-PRD-0005;Pakitstan;259.999
PAK-APP-PRD-0006;Pakitstan;274.999
PAK-APP-PRD-0007;Pakitstan;284.999
PAK-APP-PRD-0008;Pakitstan;294.999
PAK-APP-PRD-0009;Pakitstan;314.999
PAK-APP-PRD-0010;Pakitstan;314.999
PAK-APP-PRD-0011;Pakitstan;324.999
PAK-APP-PRD-0012;Pakitstan;344.999
PAK-APP-PRD-0013;Pakitstan;204.999
PAK-APP-PRD-0014;Pakitstan;214.999
PAK-APP-PRD-0015;Pakitstan;224.999
PAK-APP-PRD-0016;Pakitstan;234.999
PAK-APP-PRD-0017;Pakitstan;244.999
PAK-APP-PRD-0018;Pakitstan;264.999
PAK-APP-PRD-0019;Pakitstan;274.999
PAK-APP-PRD-0020;Pakitstan;284.999
PAK-APP-PRD-0021;Pakitstan;304.999
PAK-APP-PRD-0022;Pakitstan;314.999
PAK-APP-PRD-0023;Pakitstan;324.999
PAK-APP-PRD-0024;Pakitstan;344.999
PAK-APP-PRD-0025;Pakitstan;184.999
PAK-APP-PRD-0026;Pakitstan;194.999
PAK-APP-PRD-0027;Pakitstan;204.999
PAK-APP-PRD-0028;Pakitstan;204.999
PAK-APP-PRD-0029;Pakitstan;214.999
PAK-APP-PRD-0030;Pakitstan;224.999
PAK-APP-PRD-0031;Pakitstan;294.999
PAK-APP-PRD-0032;Pakitstan;304.999
PAK-APP-PRD-0033;Pakitstan;324.999
PAK-APP-PRD-0034;Pakitstan;324.999
PAK-APP-PRD-0035;Pakitstan;344.999
PAK-APP-PRD-0036;Pakitstan;364.999
PAK-APP-PRD-0037;Pakitstan;174.999
PAK-APP-PRD-0038;Pakitstan;184.999
PAK-APP-PRD-0039;Pakitstan;194.999
PAK-APP-PRD-0040;Pakitstan;194.999
PAK-APP-PRD-0041;Pakitstan;204.999
PAK-APP-PRD-0042;Pakitstan;224.999
PAK-APP-PRD-0043;Pakitstan;294.999
PAK-APP-PRD-0044;Pakitstan;314.999
PAK-APP-PRD-0045;Pakitstan;344.999
PAK-APP-PRD-0046;Pakitstan;324.999
PAK-APP-PRD-0047;Pakitstan;354.999
PAK-APP-PRD-0048;Pakitstan;384.999
PAK-APP-PRD-0049;Pakitstan;174.999
PAK-APP-PRD-0050;Pakitstan;184.999
PAK-APP-PRD-0051;Pakitstan;194.999
PAK-APP-PRD-0052;Pakitstan;194.999
PAK-APP-PRD-0053;Pakitstan;204.999
PAK-APP-PRD-0054;Pakitstan;224.999
PAK-APP-PRD-0055;Pakitstan;314.999
PAK-APP-PRD-0056;Pakitstan;334.999
PAK-APP-PRD-0057;Pakitstan;354.999
PAK-APP-PRD-0058;Pakitstan;344.999
PAK-APP-PRD-0059;Pakitstan;364.999
PAK-APP-PRD-0060;Pakitstan;384.999
PAK-APP-PRD-0061;Pakitstan;159.999
PAK-APP-PRD-0062;Pakitstan;169.999
PAK-APP-PRD-0063;Pakitstan;179.999
PAK-APP-PRD-0064;Pakitstan;219.999
PAK-APP-PRD-0065;Pakitstan;239.999
PAK-APP-PRD-0066;Pakitstan;259.999
PAK-APP-PRD-0067;Pakitstan;269.999
PAK-APP-PRD-0068;Pakitstan;289.999
PAK-APP-PRD-0069;Pakitstan;309.999
PAK-APP-PRD-0070;Pakitstan;164.999
PAK-APP-PRD-0071;Pakitstan;184.999
PAK-APP-PRD-0072;Pakitstan;219.999
PAK-APP-PRD-0073;Pakitstan;239.999
PAK-APP-PRD-0074;Pakitstan;259.999
PAK-APP-PRD-0075;Pakitstan;249.999
PAK-APP-PRD-0076;Pakitstan;269.999
PAK-APP-PRD-0077;Pakitstan;289.999
PAK-APP-PRD-0078;Pakitstan;149.999
PAK-APP-PRD-0079;Pakitstan;159.999
PAK-APP-PRD-0080;Pakitstan;179.999
PAK-APP-PRD-0081;Pakitstan;79.999
PAK-APP-PRD-0082;Pakitstan;89.999
PAK-APP-PRD-0083;Pakitstan;49.999
PAK-APP-PRD-0084;Pakitstan;59.999
PAK-APP-PRD-0085;Pakitstan;69.999
PAK-APP-PRD-0086;Pakitstan;79.999
PAK-APP-PRD-0087;Pakitstan;149.999
PAK-APP-PRD-0088;Pakitstan;169.999
PAK-APP-PRD-0089;Pakitstan;189.999
PAK-APP-PRD-0090;Pakitstan;219.999
PAK-APP-PRD-0091;Pakitstan;239.999
PAK-APP-PRD-0092;Pakitstan;259.999
PAK-APP-PRD-0093;Pakitstan;259.999
PAK-APP-PRD-0094;Pakitstan;279.999
PAK-APP-PRD-0095;Pakitstan;309.999
PAK-APP-PRD-0096;Pakitstan;359.999
PAK-APP-PRD-0097;Pakitstan;399.999
PAK-GOO-PRD-0001;Pakitstan;69.999
PAK-GOO-PRD-0002;Pakitstan;79.999
PAK-GOO-PRD-0003;Pakitstan;119.999
PAK-GOO-PRD-0004;Pakitstan;139.999
PAK-GOO-PRD-0005;Pakitstan;89.999
PAK-GOO-PRD-0006;Pakitstan;109.999
PAK-GOO-PRD-0007;Pakitstan;139.999
PAK-GOO-PRD-0008;Pakitstan;109.999
PAK-GOO-PRD-0009;Pakitstan;159.999
PAK-GOO-PRD-0010;Pakitstan;199.999
PAK-GOO-PRD-0011;Pakitstan;129.999
PAK-GOO-PRD-0012;Pakitstan;169.999
PAK-GOO-PRD-0013;Pakitstan;229.999
PAK-GOO-PRD-0014;Pakitstan;139.999
PAK-GOO-PRD-0015;Pakitstan;179.999
PAK-GOO-PRD-0016;Pakitstan;249.999
PAK-GOO-PRD-0017;Pakitstan;149.999
PAK-GOO-PRD-0018;Pakitstan;189.999
PAK-GOO-PRD-0019;Pakitstan;259.999
PAK-GOO-PRD-0020;Pakitstan;299.999
PAK-GOO-PRD-0021;Pakitstan;399.999
PAK-HON-PRD-0001;Pakitstan;39.999
PAK-HON-PRD-0002;Pakitstan;74.999
PAK-HON-PRD-0003;Pakitstan;94.999
PAK-HON-PRD-0004;Pakitstan;109.999
PAK-HON-PRD-0005;Pakitstan;54.999
PAK-HON-PRD-0006;Pakitstan;48.999
PAK-HON-PRD-0007;Pakitstan;64.999
PAK-HON-PRD-0008;Pakitstan;49.999
PAK-HON-PRD-0009;Pakitstan;74.999
PAK-HON-PRD-0010;Pakitstan;34.999
PAK-HON-PRD-0011;Pakitstan;89.999
PAK-HON-PRD-0012;Pakitstan;89.999
PAK-HON-PRD-0013;Pakitstan;109.999
PAK-HON-PRD-0014;Pakitstan;74.999
PAK-HON-PRD-0015;Pakitstan;64.999
PAK-HON-PRD-0016;Pakitstan;54.999
PAK-HON-PRD-0017;Pakitstan;49.999
PAK-HON-PRD-0018;Pakitstan;34.999
PAK-HON-PRD-0019;Pakitstan;159.999
PAK-HON-PRD-0020;Pakitstan;189.999
PAK-HON-PRD-0021;Pakitstan;219.999
PAK-HON-PRD-0022;Pakitstan;99.999
PAK-HON-PRD-0023;Pakitstan;124.999
PAK-HON-PRD-0024;Pakitstan;74.999
PAK-HON-PRD-0025;Pakitstan;69.999
PAK-HON-PRD-0026;Pakitstan;54.999
PAK-HON-PRD-0027;Pakitstan;89.999
PAK-HON-PRD-0028;Pakitstan;29.999
PAK-HON-PRD-0029;Pakitstan;39.999
PAK-HON-PRD-0030;Pakitstan;179.999
PAK-HON-PRD-0031;Pakitstan;209.999
PAK-HON-PRD-0032;Pakitstan;249.999
PAK-HON-PRD-0033;Pakitstan;349.999
PAK-HON-PRD-0034;Pakitstan;119.999
PAK-HON-PRD-0035;Pakitstan;149.999
PAK-HON-PRD-0036;Pakitstan;179.999
PAK-HON-PRD-0037;Pakitstan;64.999
PAK-HON-PRD-0038;Pakitstan;49.999
PAK-HON-PRD-0039;Pakitstan;29.999
PAK-HON-PRD-0040;Pakitstan;34.999
PAK-HON-PRD-0041;Pakitstan;199.999
PAK-HON-PRD-0042;Pakitstan;249.999
PAK-HON-PRD-0043;Pakitstan;299.999
PAK-HON-PRD-0044;Pakitstan;369.999
PAK-HON-PRD-0045;Pakitstan;119.999
PAK-HON-PRD-0046;Pakitstan;169.999
PAK-HON-PRD-0047;Pakitstan;84.999
PAK-HON-PRD-0048;Pakitstan;74.999
PAK-HON-PRD-0049;Pakitstan;54.999
PAK-HON-PRD-0050;Pakitstan;27.999
PAK-HON-PRD-0051;Pakitstan;32.999
PAK-HON-PRD-0052;Pakitstan;219.999
PAK-HON-PRD-0053;Pakitstan;269.999
PAK-HON-PRD-0054;Pakitstan;319.999
PAK-HON-PRD-0055;Pakitstan;389.999
PAK-HON-PRD-0056;Pakitstan;139.999
PAK-HON-PRD-0057;Pakitstan;169.999
PAK-HON-PRD-0058;Pakitstan;84.999
PAK-HON-PRD-0059;Pakitstan;74.999
PAK-HON-PRD-0060;Pakitstan;54.999
PAK-HON-PRD-0061;Pakitstan;27.999
PAK-HON-PRD-0062;Pakitstan;32.999
PAK-HON-PRD-0063;Pakitstan;219.999
PAK-HON-PRD-0064;Pakitstan;269.999
PAK-HON-PRD-0065;Pakitstan;319.999
PAK-HON-PRD-0066;Pakitstan;389.999
PAK-HON-PRD-0067;Pakitstan;49.999
PAK-HON-PRD-0068;Pakitstan;39.999
PAK-HON-PRD-0069;Pakitstan;54.999
PAK-HON-PRD-0070;Pakitstan;84.999
PAK-HON-PRD-0071;Pakitstan;109.999
PAK-HON-PRD-0072;Pakitstan;69.999
PAK-HON-PRD-0073;Pakitstan;44.999
PAK-HON-PRD-0074;Pakitstan;34.999
PAK-HON-PRD-0075;Pakitstan;94.999
PAK-HON-PRD-0076;Pakitstan;129.999
PAK-HON-PRD-0077;Pakitstan;84.999
PAK-HON-PRD-0078;Pakitstan;109.999
PAK-HON-PRD-0079;Pakitstan;59.999
PAK-HON-PRD-0080;Pakitstan;44.999
PAK-HON-PRD-0081;Pakitstan;149.999
PAK-HON-PRD-0082;Pakitstan;179.999
PAK-HON-PRD-0083;Pakitstan;34.999
PAK-HON-PRD-0084;Pakitstan;29.999
PAK-HON-PRD-0085;Pakitstan;79.999
PAK-HON-PRD-0086;Pakitstan;129.999
PAK-HON-PRD-0087;Pakitstan;199.999
PAK-HON-PRD-0088;Pakitstan;74.999
PAK-HON-PRD-0089;Pakitstan;94.999
PAK-HON-PRD-0090;Pakitstan;149.999
PAK-HON-PRD-0091;Pakitstan;129.999
PAK-HUA-PRD-0001;Pakitstan;129.999
PAK-HUA-PRD-0002;Pakitstan;149.999
PAK-HUA-PRD-0003;Pakitstan;199.999
PAK-HUA-PRD-0004;Pakitstan;139.999
PAK-HUA-PRD-0005;Pakitstan;349.999
PAK-HUA-PRD-0006;Pakitstan;89.999
PAK-HUA-PRD-0007;Pakitstan;109.999
PAK-HUA-PRD-0008;Pakitstan;119.999
PAK-HUA-PRD-0009;Pakitstan;299.999
PAK-HUA-PRD-0010;Pakitstan;169.999
PAK-HUA-PRD-0011;Pakitstan;189.999
PAK-HUA-PRD-0012;Pakitstan;99.999
PAK-HUA-PRD-0013;Pakitstan;119.999
PAK-HUA-PRD-0014;Pakitstan;79.999
PAK-HUA-PRD-0015;Pakitstan;169.999
PAK-HUA-PRD-0016;Pakitstan;189.999
PAK-HUA-PRD-0017;Pakitstan;219.999
PAK-HUA-PRD-0018;Pakitstan;349.999
PAK-HUA-PRD-0019;Pakitstan;199.999
PAK-HUA-PRD-0020;Pakitstan;229.999
PAK-HUA-PRD-0021;Pakitstan;249.999
PAK-HUA-PRD-0022;Pakitstan;89.999
PAK-HUA-PRD-0023;Pakitstan;109.999
PAK-HUA-PRD-0024;Pakitstan;129.999
PAK-HUA-PRD-0025;Pakitstan;169.999
PAK-HUA-PRD-0026;Pakitstan;189.999
PAK-HUA-PRD-0027;Pakitstan;209.999
PAK-HUA-PRD-0028;Pakitstan;229.999
PAK-HUA-PRD-0029;Pakitstan;179.999
PAK-HUA-PRD-0030;Pakitstan;199.999
PAK-HUA-PRD-0031;Pakitstan;219.999
PAK-HUA-PRD-0032;Pakitstan;349.999
PAK-HUA-PRD-0033;Pakitstan;89.999
PAK-HUA-PRD-0034;Pakitstan;109.999
PAK-HUA-PRD-0035;Pakitstan;359.999
PAK-HUA-PRD-0036;Pakitstan;389.999
PAK-HUA-PRD-0037;Pakitstan;94.999
PAK-HUA-PRD-0038;Pakitstan;109.999
PAK-HUA-PRD-0039;Pakitstan;119.999
PAK-HUA-PRD-0040;Pakitstan;134.999
PAK-HUA-PRD-0041;Pakitstan;161.500
PAK-HUA-PRD-0042;Pakitstan;197.000
PAK-INF-PRD-0001;Pakitstan;54.999
PAK-INF-PRD-0002;Pakitstan;79.999
PAK-INF-PRD-0003;Pakitstan;39.999
PAK-INF-PRD-0004;Pakitstan;99.999
PAK-INF-PRD-0005;Pakitstan;39.999
PAK-INF-PRD-0006;Pakitstan;32.999
PAK-INF-PRD-0007;Pakitstan;48.999
PAK-INF-PRD-0008;Pakitstan;45.999
PAK-INF-PRD-0009;Pakitstan;64.999
PAK-INF-PRD-0010;Pakitstan;89.999
PAK-INF-PRD-0011;Pakitstan;64.999
PAK-INF-PRD-0012;Pakitstan;42.999
PAK-INF-PRD-0013;Pakitstan;54.999
PAK-INF-PRD-0014;Pakitstan;72.999
PAK-INF-PRD-0015;Pakitstan;89.999
PAK-INF-PRD-0016;Pakitstan;35.999
PAK-INF-PRD-0017;Pakitstan;28.999
PAK-INF-PRD-0018;Pakitstan;39.999
PAK-INF-PRD-0019;Pakitstan;69.999
PAK-INF-PRD-0020;Pakitstan;74.999
PAK-INF-PRD-0021;Pakitstan;89.999
PAK-INF-PRD-0022;Pakitstan;45.999
PAK-INF-PRD-0023;Pakitstan;59.999
PAK-INF-PRD-0024;Pakitstan;35.999
PAK-INF-PRD-0025;Pakitstan;28.999
PAK-INF-PRD-0026;Pakitstan;29.999
PAK-INF-PRD-0027;Pakitstan;30.999
PAK-INF-PRD-0028;Pakitstan;41.999
PAK-INF-PRD-0029;Pakitstan;69.999
PAK-INF-PRD-0030;Pakitstan;74.999
PAK-INF-PRD-0031;Pakitstan;84.999
PAK-INF-PRD-0032;Pakitstan;28.999
PAK-INF-PRD-0033;Pakitstan;24.999
PAK-INF-PRD-0034;Pakitstan;31.999
PAK-INF-PRD-0035;Pakitstan;22.999
PAK-INF-PRD-0036;Pakitstan;30.999
PAK-INF-PRD-0037;Pakitstan;25.999
PAK-INF-PRD-0038;Pakitstan;34.999
PAK-INF-PRD-0039;Pakitstan;38.999
PAK-INF-PRD-0040;Pakitstan;21.999
PAK-INF-PRD-0041;Pakitstan;23.999
PAK-INF-PRD-0042;Pakitstan;25.999
PAK-INF-PRD-0043;Pakitstan;26.999
PAK-INF-PRD-0044;Pakitstan;19.999
PAK-INF-PRD-0045;Pakitstan;22.999
PAK-INF-PRD-0046;Pakitstan;24.999
PAK-INF-PRD-0047;Pakitstan;25.999
PAK-INF-PRD-0048;Pakitstan;27.999
PAK-INF-PRD-0049;Pakitstan;15.999
PAK-INF-PRD-0050;Pakitstan;29.999
PAK-INF-PRD-0051;Pakitstan;19.999
PAK-INF-PRD-0052;Pakitstan;34.999
PAK-INF-PRD-0053;Pakitstan;39.999
PAK-INF-PRD-0054;Pakitstan;24.999
PAK-INF-PRD-0055;Pakitstan;44.999
PAK-INF-PRD-0056;Pakitstan;18.999
PAK-LEN-PRD-0001;Pakitstan;139.999
PAK-LEN-PRD-0002;Pakitstan;159.999
PAK-LEN-PRD-0003;Pakitstan;179.999
PAK-LEN-PRD-0004;Pakitstan;29.999
PAK-LEN-PRD-0005;Pakitstan;34.999
PAK-LEN-PRD-0006;Pakitstan;39.999
PAK-LEN-PRD-0007;Pakitstan;19.999
PAK-LEN-PRD-0008;Pakitstan;29.999
PAK-LEN-PRD-0009;Pakitstan;24.999
PAK-LEN-PRD-0010;Pakitstan;19.999
PAK-LEN-PRD-0011;Pakitstan;29.999
PAK-LEN-PRD-0012;Pakitstan;34.999
PAK-LEN-PRD-0013;Pakitstan;69.999
PAK-LEN-PRD-0014;Pakitstan;79.999
PAK-LEN-PRD-0015;Pakitstan;49.999
PAK-MOT-PRD-0001;Pakitstan;139.999
PAK-MOT-PRD-0002;Pakitstan;159.999
PAK-MOT-PRD-0003;Pakitstan;169.999
PAK-MOT-PRD-0004;Pakitstan;189.999
PAK-MOT-PRD-0005;Pakitstan;199.999
PAK-MOT-PRD-0006;Pakitstan;219.999
PAK-MOT-PRD-0007;Pakitstan;79.999
PAK-MOT-PRD-0008;Pakitstan;89.999
PAK-MOT-PRD-0009;Pakitstan;49.999
PAK-MOT-PRD-0010;Pakitstan;54.999
PAK-MOT-PRD-0011;Pakitstan;39.999
PAK-MOT-PRD-0012;Pakitstan;44.999
PAK-MOT-PRD-0013;Pakitstan;59.999
PAK-MOT-PRD-0014;Pakitstan;64.999
PAK-MOT-PRD-0015;Pakitstan;29.999
PAK-MOT-PRD-0016;Pakitstan;34.999
PAK-MOT-PRD-0017;Pakitstan;39.999
PAK-MOT-PRD-0018;Pakitstan;44.999
PAK-MOT-PRD-0019;Pakitstan;24.999
PAK-MOT-PRD-0020;Pakitstan;29.999
PAK-MOT-PRD-0021;Pakitstan;89.999
PAK-MOT-PRD-0022;Pakitstan;99.999
PAK-MOT-PRD-0023;Pakitstan;79.999
PAK-MOT-PRD-0024;Pakitstan;89.999
PAK-MOT-PRD-0025;Pakitstan;99.999
PAK-MOT-PRD-0026;Pakitstan;109.999
PAK-MOT-PRD-0027;Pakitstan;69.999
PAK-MOT-PRD-0028;Pakitstan;79.999
PAK-MOT-PRD-0029;Pakitstan;49.999
PAK-MOT-PRD-0030;Pakitstan;59.999
PAK-MOT-PRD-0031;Pakitstan;59.999
PAK-MOT-PRD-0032;Pakitstan;69.999
PAK-MOT-PRD-0033;Pakitstan;109.999
PAK-MOT-PRD-0034;Pakitstan;119.999
PAK-MOT-PRD-0035;Pakitstan;249.999
PAK-MOT-PRD-0036;Pakitstan;199.999
PAK-MOT-PRD-0037;Pakitstan;79.999
PAK-MOT-PRD-0038;Pakitstan;89.999
PAK-MOT-PRD-0039;Pakitstan;69.999
PAK-MOT-PRD-0040;Pakitstan;79.999
PAK-MOT-PRD-0041;Pakitstan;29.999
PAK-MOT-PRD-0042;Pakitstan;34.999
PAK-MOT-PRD-0043;Pakitstan;109.999
PAK-MOT-PRD-0044;Pakitstan;119.999
PAK-MOT-PRD-0045;Pakitstan;299.999
PAK-MOT-PRD-0046;Pakitstan;69.999
PAK-MOT-PRD-0047;Pakitstan;79.999
PAK-MOT-PRD-0048;Pakitstan;299.999
PAK-MOT-PRD-0049;Pakitstan;119.999
PAK-MOT-PRD-0050;Pakitstan;129.999
PAK-MOT-PRD-0051;Pakitstan;89.999
PAK-MOT-PRD-0052;Pakitstan;99.999
PAK-MOT-PRD-0053;Pakitstan;64.999
PAK-MOT-PRD-0054;Pakitstan;74.999
PAK-MOT-PRD-0055;Pakitstan;54.999
PAK-MOT-PRD-0056;Pakitstan;64.999
PAK-MOT-PRD-0057;Pakitstan;44.999
PAK-MOT-PRD-0058;Pakitstan;39.999
PAK-MOT-PRD-0059;Pakitstan;29.999
PAK-MOT-PRD-0060;Pakitstan;24.999
PAK-MOT-PRD-0061;Pakitstan;27.999
PAK-MOT-PRD-0062;Pakitstan;34.999
PAK-NOK-PRD-0001;Pakitstan;74.999
PAK-NOK-PRD-0002;Pakitstan;48.999
PAK-NOK-PRD-0003;Pakitstan;54.999
PAK-NOK-PRD-0004;Pakitstan;39.999
PAK-NOK-PRD-0005;Pakitstan;44.999
PAK-NOK-PRD-0006;Pakitstan;46.999
PAK-NOK-PRD-0007;Pakitstan;52.999
PAK-NOK-PRD-0008;Pakitstan;34.999
PAK-NOK-PRD-0009;Pakitstan;38.999
PAK-NOK-PRD-0010;Pakitstan;79.999
PAK-NOK-PRD-0011;Pakitstan;52.000
PAK-ONE-PRD-0001;Pakitstan;219.999
PAK-ONE-PRD-0002;Pakitstan;169.999
PAK-ONE-PRD-0003;Pakitstan;179.999
PAK-ONE-PRD-0004;Pakitstan;159.999
PAK-ONE-PRD-0005;Pakitstan;119.999
PAK-ONE-PRD-0006;Pakitstan;85.000
PAK-ONE-PRD-0007;Pakitstan;59.999
PAK-ONE-PRD-0008;Pakitstan;55.000
PAK-ONE-PRD-0009;Pakitstan;299.999
PAK-ONE-PRD-0010;Pakitstan;199.999
PAK-ONE-PRD-0011;Pakitstan;179.999
PAK-ONE-PRD-0012;Pakitstan;179.999
PAK-ONE-PRD-0013;Pakitstan;149.999
PAK-ONE-PRD-0014;Pakitstan;219.999
PAK-ONE-PRD-0015;Pakitstan;69.999
PAK-ONE-PRD-0016;Pakitstan;59.999
PAK-ONE-PRD-0017;Pakitstan;39.999
PAK-ONE-PRD-0018;Pakitstan;29.999
PAK-ONE-PRD-0019;Pakitstan;139.999
PAK-ONE-PRD-0020;Pakitstan;159.999
PAK-ONE-PRD-0021;Pakitstan;119.999
PAK-ONE-PRD-0022;Pakitstan;179.999
PAK-ONE-PRD-0023;Pakitstan;159.999
PAK-ONE-PRD-0024;Pakitstan;159.999
PAK-ONE-PRD-0025;Pakitstan;119.999
PAK-ONE-PRD-0026;Pakitstan;49.999
PAK-ONE-PRD-0027;Pakitstan;64.999
PAK-ONE-PRD-0028;Pakitstan;49.999
PAK-ONE-PRD-0029;Pakitstan;54.999
PAK-ONE-PRD-0030;Pakitstan;69.999
PAK-ONE-PRD-0031;Pakitstan;29.999
PAK-ONE-PRD-0032;Pakitstan;49.999
PAK-ONE-PRD-0033;Pakitstan;119.999
PAK-ONE-PRD-0034;Pakitstan;109.999
PAK-ONE-PRD-0035;Pakitstan;149.999
PAK-ONE-PRD-0036;Pakitstan;89.999
PAK-ONE-PRD-0037;Pakitstan;219.999
PAK-ONE-PRD-0038;Pakitstan;199.999
PAK-ONE-PRD-0039;Pakitstan;169.999
PAK-ONE-PRD-0040;Pakitstan;169.999
PAK-ONE-PRD-0041;Pakitstan;99.999
PAK-ONE-PRD-0042;Pakitstan;94.999
PAK-ONE-PRD-0043;Pakitstan;69.999
PAK-ONE-PRD-0044;Pakitstan;169.999
PAK-ONE-PRD-0045;Pakitstan;169.999
PAK-ONE-PRD-0046;Pakitstan;179.999
PAK-ONE-PRD-0047;Pakitstan;229.999
PAK-ONE-PRD-0048;Pakitstan;199.999
PAK-ONE-PRD-0049;Pakitstan;219.999
PAK-ONE-PRD-0050;Pakitstan;219.999
PAK-ONE-PRD-0051;Pakitstan;94.999
PAK-ONE-PRD-0052;Pakitstan;104.999
PAK-ONE-PRD-0053;Pakitstan;169.999
PAK-OPP-PRD-0001;Pakitstan;299.999
PAK-OPP-PRD-0002;Pakitstan;199.999
PAK-OPP-PRD-0003;Pakitstan;249.999
PAK-OPP-PRD-0004;Pakitstan;199.999
PAK-OPP-PRD-0005;Pakitstan;79.999
PAK-OPP-PRD-0006;Pakitstan;79.999
PAK-OPP-PRD-0007;Pakitstan;129.999
PAK-OPP-PRD-0008;Pakitstan;99.999
PAK-OPP-PRD-0009;Pakitstan;69.999
PAK-OPP-PRD-0010;Pakitstan;69.999
PAK-OPP-PRD-0011;Pakitstan;119.999
PAK-OPP-PRD-0012;Pakitstan;89.999
PAK-OPP-PRD-0013;Pakitstan;79.999
PAK-OPP-PRD-0014;Pakitstan;109.999
PAK-OPP-PRD-0015;Pakitstan;89.999
PAK-OPP-PRD-0016;Pakitstan;99.999
PAK-OPP-PRD-0017;Pakitstan;79.999
PAK-OPP-PRD-0018;Pakitstan;59.999
PAK-OPP-PRD-0019;Pakitstan;64.999
PAK-OPP-PRD-0020;Pakitstan;69.999
PAK-OPP-PRD-0021;Pakitstan;59.999
PAK-OPP-PRD-0022;Pakitstan;64.999
PAK-OPP-PRD-0023;Pakitstan;69.999
PAK-OPP-PRD-0024;Pakitstan;59.999
PAK-OPP-PRD-0025;Pakitstan;69.999
PAK-OPP-PRD-0026;Pakitstan;74.999
PAK-OPP-PRD-0027;Pakitstan;109.999
PAK-OPP-PRD-0028;Pakitstan;119.999
PAK-OPP-PRD-0029;Pakitstan;79.999
PAK-OPP-PRD-0030;Pakitstan;84.999
PAK-OPP-PRD-0031;Pakitstan;89.999
PAK-OPP-PRD-0032;Pakitstan;99.999
PAK-OPP-PRD-0033;Pakitstan;74.999
PAK-OPP-PRD-0034;Pakitstan;79.999
PAK-OPP-PRD-0035;Pakitstan;99.999
PAK-OPP-PRD-0036;Pakitstan;109.999
PAK-OPP-PRD-0037;Pakitstan;119.999
PAK-OPP-PRD-0038;Pakitstan;129.999
PAK-OPP-PRD-0039;Pakitstan;79.999
PAK-OPP-PRD-0040;Pakitstan;89.999
PAK-OPP-PRD-0041;Pakitstan;199.999
PAK-OPP-PRD-0042;Pakitstan;219.999
PAK-OPP-PRD-0043;Pakitstan;179.999
PAK-OPP-PRD-0044;Pakitstan;199.999
PAK-OPP-PRD-0045;Pakitstan;169.999
PAK-OPP-PRD-0046;Pakitstan;189.999
PAK-OPP-PRD-0047;Pakitstan;149.999
PAK-OPP-PRD-0048;Pakitstan;169.999
PAK-OPP-PRD-0049;Pakitstan;159.999
PAK-OPP-PRD-0050;Pakitstan;179.999
PAK-OPP-PRD-0051;Pakitstan;139.999
PAK-OPP-PRD-0052;Pakitstan;149.999
PAK-OPP-PRD-0053;Pakitstan;169.999
PAK-OPP-PRD-0054;Pakitstan;179.999
PAK-OPP-PRD-0055;Pakitstan;129.999
PAK-OPP-PRD-0056;Pakitstan;149.999
PAK-OPP-PRD-0057;Pakitstan;169.999
PAK-OPP-PRD-0058;Pakitstan;199.999
PAK-OPP-PRD-0059;Pakitstan;109.999
PAK-OPP-PRD-0060;Pakitstan;129.999
PAK-OPP-PRD-0061;Pakitstan;159.999
PAK-OPP-PRD-0062;Pakitstan;189.999
PAK-OPP-PRD-0063;Pakitstan;89.999
PAK-OPP-PRD-0064;Pakitstan;99.999
PAK-OPP-PRD-0065;Pakitstan;129.999
PAK-OPP-PRD-0066;Pakitstan;139.999
PAK-OPP-PRD-0067;Pakitstan;79.999
PAK-OPP-PRD-0068;Pakitstan;89.999
PAK-OPP-PRD-0069;Pakitstan;109.999
PAK-OPP-PRD-0070;Pakitstan;79.999
PAK-OPP-PRD-0071;Pakitstan;89.999
PAK-OPP-PRD-0072;Pakitstan;99.999
PAK-OPP-PRD-0073;Pakitstan;109.999
PAK-OPP-PRD-0074;Pakitstan;129.999
PAK-OPP-PRD-0075;Pakitstan;69.999
PAK-OPP-PRD-0076;Pakitstan;79.999
PAK-OPP-PRD-0077;Pakitstan;89.999
PAK-OPP-PRD-0078;Pakitstan;99.999
PAK-OPP-PRD-0079;Pakitstan;119.999
PAK-OPP-PRD-0080;Pakitstan;59.999
PAK-OPP-PRD-0081;Pakitstan;69.999
PAK-OPP-PRD-0082;Pakitstan;99.999
PAK-OPP-PRD-0083;Pakitstan;49.999
PAK-OPP-PRD-0084;Pakitstan;59.999
PAK-OPP-PRD-0085;Pakitstan;79.999
PAK-OPP-PRD-0086;Pakitstan;39.999
PAK-OPP-PRD-0087;Pakitstan;44.999
PAK-OPP-PRD-0088;Pakitstan;49.999
PAK-OPP-PRD-0089;Pakitstan;34.999
PAK-OPP-PRD-0090;Pakitstan;32.999
PAK-OPP-PRD-0091;Pakitstan;29.999
PAK-OPP-PRD-0092;Pakitstan;34.999
PAK-OPP-PRD-0093;Pakitstan;27.999
PAK-OPP-PRD-0094;Pakitstan;25.999
PAK-OPP-PRD-0095;Pakitstan;23.999
PAK-OPP-PRD-0096;Pakitstan;21.999
PAK-OPP-PRD-0097;Pakitstan;19.999
PAK-OPP-PRD-0098;Pakitstan;39.999
PAK-OPP-PRD-0099;Pakitstan;44.999
PAK-OPP-PRD-0100;Pakitstan;59.999
PAK-OPP-PRD-0101;Pakitstan;64.999
PAK-OPP-PRD-0102;Pakitstan;54.999
PAK-OPP-PRD-0103;Pakitstan;59.999
PAK-OPP-PRD-0104;Pakitstan;64.999
PAK-OPP-PRD-0105;Pakitstan;49.999
PAK-OPP-PRD-0106;Pakitstan;54.999
PAK-OPP-PRD-0107;Pakitstan;69.999
PAK-OPP-PRD-0108;Pakitstan;74.999
PAK-OPP-PRD-0109;Pakitstan;59.999
PAK-OPP-PRD-0110;Pakitstan;64.999
PAK-OPP-PRD-0111;Pakitstan;44.999
PAK-OPP-PRD-0112;Pakitstan;49.999
PAK-OPP-PRD-0113;Pakitstan;54.999
PAK-OPP-PRD-0114;Pakitstan;59.999
PAK-OPP-PRD-0115;Pakitstan;64.999
PAK-OPP-PRD-0116;Pakitstan;69.999
PAK-OPP-PRD-0117;Pakitstan;74.999
PAK-OPP-PRD-0118;Pakitstan;54.999
PAK-OPP-PRD-0119;Pakitstan;59.999
PAK-OPP-PRD-0120;Pakitstan;64.999
PAK-OPP-PRD-0121;Pakitstan;69.999
PAK-OPP-PRD-0122;Pakitstan;49.999
PAK-OPP-PRD-0123;Pakitstan;54.999
PAK-OPP-PRD-0124;Pakitstan;69.999
PAK-OPP-PRD-0125;Pakitstan;74.999
PAK-OPP-PRD-0126;Pakitstan;59.999
PAK-OPP-PRD-0127;Pakitstan;64.999
PAK-OPP-PRD-0128;Pakitstan;44.999
PAK-OPP-PRD-0129;Pakitstan;49.999
PAK-POC-PRD-0001;Pakitstan;99.999
PAK-POC-PRD-0002;Pakitstan;34.999
PAK-POC-PRD-0003;Pakitstan;39.999
PAK-POC-PRD-0004;Pakitstan;24.999
PAK-POC-PRD-0005;Pakitstan;69.999
PAK-POC-PRD-0006;Pakitstan;49.999
PAK-POC-PRD-0007;Pakitstan;29.999
PAK-POC-PRD-0008;Pakitstan;79.999
PAK-POC-PRD-0009;Pakitstan;44.999
PAK-POC-PRD-0010;Pakitstan;34.999
PAK-POC-PRD-0011;Pakitstan;74.999
PAK-POC-PRD-0012;Pakitstan;99.999
PAK-POC-PRD-0013;Pakitstan;54.999
PAK-POC-PRD-0014;Pakitstan;39.999
PAK-POC-PRD-0015;Pakitstan;29.999
PAK-POC-PRD-0016;Pakitstan;34.999
PAK-POC-PRD-0017;Pakitstan;79.999
PAK-POC-PRD-0018;Pakitstan;99.999
PAK-POC-PRD-0019;Pakitstan;54.999
PAK-POC-PRD-0020;Pakitstan;64.999
PAK-POC-PRD-0021;Pakitstan;29.999
PAK-POC-PRD-0022;Pakitstan;34.999
PAK-POC-PRD-0023;Pakitstan;59.999
PAK-POC-PRD-0024;Pakitstan;69.999
PAK-POC-PRD-0025;Pakitstan;89.999
PAK-POC-PRD-0026;Pakitstan;109.999
PAK-POC-PRD-0027;Pakitstan;24.999
PAK-POC-PRD-0028;Pakitstan;64.999
PAK-POC-PRD-0029;Pakitstan;79.999
PAK-POC-PRD-0030;Pakitstan;39.999
PAK-POC-PRD-0031;Pakitstan;66.220
PAK-POC-PRD-0032;Pakitstan;71.220
PAK-REA-PRD-0001;Pakitstan;139.999
PAK-REA-PRD-0002;Pakitstan;149.999
PAK-REA-PRD-0003;Pakitstan;89.999
PAK-REA-PRD-0004;Pakitstan;94.999
PAK-REA-PRD-0005;Pakitstan;99.999
PAK-REA-PRD-0006;Pakitstan;84.999
PAK-REA-PRD-0007;Pakitstan;89.999
PAK-REA-PRD-0008;Pakitstan;94.999
PAK-REA-PRD-0009;Pakitstan;99.999
PAK-REA-PRD-0010;Pakitstan;79.999
PAK-REA-PRD-0011;Pakitstan;84.999
PAK-REA-PRD-0012;Pakitstan;64.999
PAK-REA-PRD-0013;Pakitstan;69.999
PAK-REA-PRD-0014;Pakitstan;59.999
PAK-REA-PRD-0015;Pakitstan;64.999
PAK-REA-PRD-0016;Pakitstan;49.999
PAK-REA-PRD-0017;Pakitstan;54.999
PAK-REA-PRD-0018;Pakitstan;74.999
PAK-REA-PRD-0019;Pakitstan;79.999
PAK-REA-PRD-0020;Pakitstan;94.999
PAK-REA-PRD-0021;Pakitstan;99.999
PAK-REA-PRD-0022;Pakitstan;54.999
PAK-REA-PRD-0023;Pakitstan;59.999
PAK-REA-PRD-0024;Pakitstan;89.999
PAK-REA-PRD-0025;Pakitstan;94.999
PAK-REA-PRD-0026;Pakitstan;44.999
PAK-REA-PRD-0027;Pakitstan;49.999
PAK-REA-PRD-0028;Pakitstan;59.999
PAK-REA-PRD-0029;Pakitstan;64.999
PAK-REA-PRD-0030;Pakitstan;54.999
PAK-REA-PRD-0031;Pakitstan;59.999
PAK-REA-PRD-0032;Pakitstan;39.999
PAK-REA-PRD-0033;Pakitstan;37.999
PAK-REA-PRD-0034;Pakitstan;47.999
PAK-REA-PRD-0035;Pakitstan;52.999
PAK-REA-PRD-0036;Pakitstan;37.999
PAK-REA-PRD-0037;Pakitstan;42.999
PAK-REA-PRD-0038;Pakitstan;32.999
PAK-REA-PRD-0039;Pakitstan;39.999
PAK-REA-PRD-0040;Pakitstan;44.999
PAK-REA-PRD-0041;Pakitstan;37.999
PAK-REA-PRD-0042;Pakitstan;42.999
PAK-REA-PRD-0043;Pakitstan;36.999
PAK-REA-PRD-0044;Pakitstan;39.999
PAK-REA-PRD-0045;Pakitstan;44.999
PAK-REA-PRD-0046;Pakitstan;47.999
PAK-REA-PRD-0047;Pakitstan;49.999
PAK-REA-PRD-0048;Pakitstan;54.999
PAK-REA-PRD-0049;Pakitstan;42.999
PAK-REA-PRD-0050;Pakitstan;124.999
PAK-REA-PRD-0051;Pakitstan;139.999
PAK-REA-PRD-0052;Pakitstan;79.999
PAK-REA-PRD-0053;Pakitstan;94.999
PAK-REA-PRD-0054;Pakitstan;84.999
PAK-REA-PRD-0055;Pakitstan;99.999
PAK-REA-PRD-0056;Pakitstan;57.999
PAK-REA-PRD-0057;Pakitstan;64.999
PAK-REA-PRD-0058;Pakitstan;74.999
PAK-REA-PRD-0059;Pakitstan;84.999
PAK-REA-PRD-0060;Pakitstan;54.999
PAK-REA-PRD-0061;Pakitstan;61.999
PAK-REA-PRD-0062;Pakitstan;79.999
PAK-REA-PRD-0063;Pakitstan;89.999
PAK-REA-PRD-0064;Pakitstan;44.999
PAK-REA-PRD-0065;Pakitstan;49.999
PAK-REA-PRD-0066;Pakitstan;56.999
PAK-REA-PRD-0067;Pakitstan;62.999
PAK-REA-PRD-0068;Pakitstan;59.999
PAK-REA-PRD-0069;Pakitstan;64.999
PAK-SAM-PRD-0001;Pakitstan;450.000
PAK-SAM-PRD-0002;Pakitstan;480.000
PAK-SAM-PRD-0003;Pakitstan;400.000
PAK-SAM-PRD-0004;Pakitstan;430.000
PAK-SAM-PRD-0005;Pakitstan;350.000
PAK-SAM-PRD-0006;Pakitstan;380.000
PAK-SAM-PRD-0007;Pakitstan;430.000
PAK-SAM-PRD-0008;Pakitstan;460.000
PAK-SAM-PRD-0009;Pakitstan;360.000
PAK-SAM-PRD-0010;Pakitstan;390.000
PAK-SAM-PRD-0011;Pakitstan;320.000
PAK-SAM-PRD-0012;Pakitstan;350.000
PAK-SAM-PRD-0013;Pakitstan;420.000
PAK-SAM-PRD-0014;Pakitstan;450.000
PAK-SAM-PRD-0015;Pakitstan;350.000
PAK-SAM-PRD-0016;Pakitstan;380.000
PAK-SAM-PRD-0017;Pakitstan;300.000
PAK-SAM-PRD-0018;Pakitstan;330.000
PAK-SAM-PRD-0019;Pakitstan;500.000
PAK-SAM-PRD-0020;Pakitstan;550.000
PAK-SAM-PRD-0021;Pakitstan;350.000
PAK-SAM-PRD-0022;Pakitstan;380.000
PAK-SAM-PRD-0023;Pakitstan;480.000
PAK-SAM-PRD-0024;Pakitstan;530.000
PAK-SAM-PRD-0025;Pakitstan;320.000
PAK-SAM-PRD-0026;Pakitstan;350.000
PAK-SAM-PRD-0027;Pakitstan;85.000
PAK-SAM-PRD-0028;Pakitstan;95.000
PAK-SAM-PRD-0029;Pakitstan;75.000
PAK-SAM-PRD-0030;Pakitstan;85.000
PAK-SAM-PRD-0031;Pakitstan;70.000
PAK-SAM-PRD-0032;Pakitstan;80.000
PAK-SAM-PRD-0033;Pakitstan;60.000
PAK-SAM-PRD-0034;Pakitstan;70.000
PAK-SAM-PRD-0035;Pakitstan;50.000
PAK-SAM-PRD-0036;Pakitstan;60.000
PAK-SAM-PRD-0037;Pakitstan;95.000
PAK-SAM-PRD-0038;Pakitstan;105.000
PAK-SAM-PRD-0039;Pakitstan;70.000
PAK-SAM-PRD-0040;Pakitstan;80.000
PAK-SAM-PRD-0041;Pakitstan;60.000
PAK-SAM-PRD-0042;Pakitstan;70.000
PAK-SAM-PRD-0043;Pakitstan;50.000
PAK-SAM-PRD-0044;Pakitstan;60.000
PAK-SAM-PRD-0045;Pakitstan;85.000
PAK-SAM-PRD-0046;Pakitstan;95.000
PAK-SAM-PRD-0047;Pakitstan;70.000
PAK-SAM-PRD-0048;Pakitstan;80.000
PAK-SAM-PRD-0049;Pakitstan;60.000
PAK-SAM-PRD-0050;Pakitstan;70.000
PAK-SAM-PRD-0051;Pakitstan;180.000
PAK-SAM-PRD-0052;Pakitstan;200.000
PAK-SAM-PRD-0053;Pakitstan;150.000
PAK-SAM-PRD-0054;Pakitstan;170.000
PAK-SAM-PRD-0055;Pakitstan;160.000
PAK-SAM-PRD-0056;Pakitstan;180.000
PAK-SAM-PRD-0057;Pakitstan;140.000
PAK-SAM-PRD-0058;Pakitstan;120.000
PAK-SAM-PRD-0059;Pakitstan;75.000
PAK-SAM-PRD-0060;Pakitstan;50.000
PAK-SAM-PRD-0061;Pakitstan;45.000
PAK-SAM-PRD-0062;Pakitstan;40.000
PAK-SAM-PRD-0063;Pakitstan;40.000
PAK-SAM-PRD-0064;Pakitstan;25.000
PAK-SAM-PRD-0065;Pakitstan;65.000
PAK-SAM-PRD-0066;Pakitstan;50.000
PAK-SAM-PRD-0067;Pakitstan;40.000
PAK-SAM-PRD-0068;Pakitstan;280.000
PAK-SAM-PRD-0069;Pakitstan;260.000
PAK-SAM-PRD-0070;Pakitstan;350.000
PAK-SAM-PRD-0071;Pakitstan;280.000
PAK-SAM-PRD-0072;Pakitstan;230.000
PAK-SAM-PRD-0073;Pakitstan;150.000
PAK-SAM-PRD-0074;Pakitstan;320.000
PAK-SAM-PRD-0075;Pakitstan;250.000
PAK-SAM-PRD-0076;Pakitstan;200.000
PAK-SAM-PRD-0077;Pakitstan;100.000
PAK-SAM-PRD-0078;Pakitstan;75.000
PAK-SAM-PRD-0079;Pakitstan;68.000
PAK-SAM-PRD-0080;Pakitstan;40.000
PAK-SAM-PRD-0081;Pakitstan;150.000
PAK-SAM-PRD-0082;Pakitstan;180.000
PAK-SAM-PRD-0083;Pakitstan;120.000
PAK-SAM-PRD-0084;Pakitstan;35.000
PAK-SAM-PRD-0085;Pakitstan;28.000
PAK-SAM-PRD-0086;Pakitstan;604.999
PAK-SAM-PRD-0087;Pakitstan;544.999
PAK-SAM-PRD-0088;Pakitstan;604.999
PAK-SON-PRD-0001;Pakitstan;429.999
PAK-SON-PRD-0002;Pakitstan;319.999
PAK-SON-PRD-0003;Pakitstan;179.999
PAK-SON-PRD-0004;Pakitstan;449.999
PAK-SON-PRD-0005;Pakitstan;339.999
PAK-SON-PRD-0006;Pakitstan;199.999
PAK-SON-PRD-0007;Pakitstan;469.999
PAK-SON-PRD-0008;Pakitstan;349.999
PAK-SON-PRD-0009;Pakitstan;209.999
PAK-TEC-PRD-0001;Pakitstan;27.999
PAK-TEC-PRD-0002;Pakitstan;69.999
PAK-TEC-PRD-0003;Pakitstan;22.999
PAK-TEC-PRD-0004;Pakitstan;59.999
PAK-TEC-PRD-0005;Pakitstan;89.999
PAK-TEC-PRD-0006;Pakitstan;39.999
PAK-TEC-PRD-0007;Pakitstan;42.999
PAK-TEC-PRD-0008;Pakitstan;21.999
PAK-TEC-PRD-0009;Pakitstan;54.999
PAK-TEC-PRD-0010;Pakitstan;34.999
PAK-TEC-PRD-0011;Pakitstan;399.999
PAK-TEC-PRD-0012;Pakitstan;159.999
PAK-TEC-PRD-0013;Pakitstan;69.999
PAK-TEC-PRD-0014;Pakitstan;32.999
PAK-TEC-PRD-0015;Pakitstan;22.999
PAK-TEC-PRD-0016;Pakitstan;159.999
PAK-TEC-PRD-0017;Pakitstan;37.999
PAK-TEC-PRD-0018;Pakitstan;59.999
PAK-TEC-PRD-0019;Pakitstan;55.999
PAK-TEC-PRD-0020;Pakitstan;179.999
PAK-TEC-PRD-0021;Pakitstan;129.999
PAK-TEC-PRD-0022;Pakitstan;89.999
PAK-TEC-PRD-0023;Pakitstan;69.999
PAK-TEC-PRD-0024;Pakitstan;159.999
PAK-TEC-PRD-0025;Pakitstan;54.999
PAK-TEC-PRD-0026;Pakitstan;39.999
PAK-TEC-PRD-0027;Pakitstan;34.999
PAK-TEC-PRD-0028;Pakitstan;32.999
PAK-TEC-PRD-0029;Pakitstan;22.999
PAK-TEC-PRD-0030;Pakitstan;21.999
PAK-TEC-PRD-0031;Pakitstan;159.999
PAK-TEC-PRD-0032;Pakitstan;129.999
PAK-TEC-PRD-0033;Pakitstan;79.999
PAK-TEC-PRD-0034;Pakitstan;149.999
PAK-TEC-PRD-0035;Pakitstan;89.999
PAK-TEC-PRD-0036;Pakitstan;69.999
PAK-TEC-PRD-0037;Pakitstan;69.999
PAK-TEC-PRD-0038;Pakitstan;119.999
PAK-TEC-PRD-0039;Pakitstan;59.999
PAK-VIV-PRD-0001;Pakitstan;199.999
PAK-VIV-PRD-0002;Pakitstan;219.999
PAK-VIV-PRD-0003;Pakitstan;229.999
PAK-VIV-PRD-0004;Pakitstan;249.999
PAK-VIV-PRD-0005;Pakitstan;189.999
PAK-VIV-PRD-0006;Pakitstan;79.999
PAK-VIV-PRD-0007;Pakitstan;69.999
PAK-VIV-PRD-0008;Pakitstan;59.999
PAK-VIV-PRD-0009;Pakitstan;54.999
PAK-VIV-PRD-0010;Pakitstan;99.999
PAK-VIV-PRD-0011;Pakitstan;89.999
PAK-VIV-PRD-0012;Pakitstan;109.999
PAK-VIV-PRD-0013;Pakitstan;39.999
PAK-VIV-PRD-0014;Pakitstan;34.999
PAK-VIV-PRD-0015;Pakitstan;42.999
PAK-VIV-PRD-0016;Pakitstan;22.999
PAK-VIV-PRD-0017;Pakitstan;29.999
PAK-VIV-PRD-0018;Pakitstan;39.999
PAK-VIV-PRD-0019;Pakitstan;29.999
PAK-VIV-PRD-0020;Pakitstan;24.999
PAK-VIV-PRD-0021;Pakitstan;19.999
PAK-VIV-PRD-0022;Pakitstan;27.999
PAK-VIV-PRD-0023;Pakitstan;49.999
PAK-VIV-PRD-0024;Pakitstan;54.999
PAK-VIV-PRD-0025;Pakitstan;54.999
PAK-VIV-PRD-0026;Pakitstan;59.999
PAK-VIV-PRD-0027;Pakitstan;18.999
PAK-VIV-PRD-0028;Pakitstan;22.999
PAK-VIV-PRD-0029;Pakitstan;39.999
PAK-VIV-PRD-0030;Pakitstan;44.999
PAK-VIV-PRD-0031;Pakitstan;18.499
PAK-VIV-PRD-0032;Pakitstan;22.499
PAK-VIV-PRD-0033;Pakitstan;34.999
PAK-VIV-PRD-0034;Pakitstan;39.999
PAK-VIV-PRD-0035;Pakitstan;59.999
PAK-VIV-PRD-0036;Pakitstan;64.999
PAK-VIV-PRD-0037;Pakitstan;24.999
PAK-VIV-PRD-0038;Pakitstan;19.999
PAK-VIV-PRD-0039;Pakitstan;29.999
PAK-VIV-PRD-0040;Pakitstan;34.999
PAK-VIV-PRD-0041;Pakitstan;39.999
PAK-VIV-PRD-0042;Pakitstan;34.999
PAK-VIV-PRD-0043;Pakitstan;39.999
PAK-VIV-PRD-0044;Pakitstan;44.999
PAK-VIV-PRD-0045;Pakitstan;34.999
PAK-VIV-PRD-0046;Pakitstan;29.999
PAK-VIV-PRD-0047;Pakitstan;109.999
PAK-VIV-PRD-0048;Pakitstan;119.999
PAK-VIV-PRD-0049;Pakitstan;49.999
PAK-VIV-PRD-0050;Pakitstan;54.999
PAK-VIV-PRD-0051;Pakitstan;54.999
PAK-VIV-PRD-0052;Pakitstan;59.999
PAK-VIV-PRD-0053;Pakitstan;34.999
PAK-VIV-PRD-0054;Pakitstan;29.999
PAK-VIV-PRD-0055;Pakitstan;44.999
PAK-VIV-PRD-0056;Pakitstan;49.999
PAK-VIV-PRD-0057;Pakitstan;99.999
PAK-VIV-PRD-0058;Pakitstan;109.999
PAK-VIV-PRD-0059;Pakitstan;39.999
PAK-VIV-PRD-0060;Pakitstan;44.999
PAK-VIV-PRD-0061;Pakitstan;109.999
PAK-VIV-PRD-0062;Pakitstan;119.999
PAK-VIV-PRD-0063;Pakitstan;79.999
PAK-VIV-PRD-0064;Pakitstan;84.999
PAK-VIV-PRD-0065;Pakitstan;89.999
PAK-VIV-PRD-0066;Pakitstan;94.999
PAK-VIV-PRD-0067;Pakitstan;79.999
PAK-VIV-PRD-0068;Pakitstan;85.999
PAK-VIV-PRD-0069;Pakitstan;199.999
PAK-VIV-PRD-0070;Pakitstan;229.999
PAK-VIV-PRD-0071;Pakitstan;59.999
PAK-VIV-PRD-0072;Pakitstan;64.999
PAK-VIV-PRD-0073;Pakitstan;49.999
PAK-VIV-PRD-0074;Pakitstan;54.999
PAK-VIV-PRD-0075;Pakitstan;69.999
PAK-VIV-PRD-0076;Pakitstan;74.999
PAK-VIV-PRD-0077;Pakitstan;179.999
PAK-VIV-PRD-0078;Pakitstan;199.999
PAK-VIV-PRD-0079;Pakitstan;29.999
PAK-VIV-PRD-0080;Pakitstan;26.999
PAK-VIV-PRD-0081;Pakitstan;64.999
PAK-VIV-PRD-0082;Pakitstan;74.999
PAK-VIV-PRD-0083;Pakitstan;58.999
PAK-VIV-PRD-0084;Pakitstan;62.999
PAK-VIV-PRD-0085;Pakitstan;84.999
PAK-VIV-PRD-0086;Pakitstan;94.999
PAK-XIA-PRD-0001;Pakitstan;199.999
PAK-XIA-PRD-0002;Pakitstan;219.999
PAK-XIA-PRD-0003;Pakitstan;239.999
PAK-XIA-PRD-0004;Pakitstan;179.999
PAK-XIA-PRD-0005;Pakitstan;199.999
PAK-XIA-PRD-0006;Pakitstan;169.999
PAK-XIA-PRD-0007;Pakitstan;189.999
PAK-XIA-PRD-0008;Pakitstan;209.999
PAK-XIA-PRD-0009;Pakitstan;149.999
PAK-XIA-PRD-0010;Pakitstan;169.999
PAK-XIA-PRD-0011;Pakitstan;189.999
PAK-XIA-PRD-0012;Pakitstan;209.999
PAK-XIA-PRD-0013;Pakitstan;169.999
PAK-XIA-PRD-0014;Pakitstan;189.999
PAK-XIA-PRD-0015;Pakitstan;89.999
PAK-XIA-PRD-0016;Pakitstan;99.999
PAK-XIA-PRD-0017;Pakitstan;109.999
PAK-XIA-PRD-0018;Pakitstan;79.999
PAK-XIA-PRD-0019;Pakitstan;89.999
PAK-XIA-PRD-0020;Pakitstan;69.999
PAK-XIA-PRD-0021;Pakitstan;79.999
PAK-XIA-PRD-0022;Pakitstan;59.999
PAK-XIA-PRD-0023;Pakitstan;69.999
PAK-XIA-PRD-0024;Pakitstan;49.999
PAK-XIA-PRD-0025;Pakitstan;59.999
PAK-XIA-PRD-0026;Pakitstan;39.999
PAK-XIA-PRD-0027;Pakitstan;44.999
PAK-IQO-PRD-0001;Pakitstan;69.999
PAK-IQO-PRD-0002;Pakitstan;79.999
PAK-IQO-PRD-0003;Pakitstan;89.999
